id_usuario,rol_mensaje,mensaje,nivel_riesgo,creado_en
341,user,¿Puedes darme consejos para manejar el estrés?,Medio,2026-05-25 04:00:00
341,assistant,Veo que la carga académica te preocupa. Vamos a crear un plan de organización.,Medio,2026-05-25 04:06:00
341,user,¿Hay recursos de apoyo disponibles?,Medio,2026-05-25 04:14:00
341,assistant,Noto que hay áreas que podrían mejorar. ¿Te gustaría hablar más sobre el estrés?,Medio,2026-05-25 04:03:00
19,user,Me siento motivado pero cansado.,Medio,2026-02-24 19:00:00
19,assistant,Hay señales de alerta moderadas. Te recomiendo establecer una rutina de descanso.,Medio,2026-02-24 19:04:00
399,user,Estoy preocupado por mis calificaciones.,Alto,2026-03-16 17:00:00
399,assistant,Estoy viendo indicadores altos de riesgo. Es importante que hables con un tutor.,Alto,2026-03-16 17:01:00
399,user,¿Hay recursos de apoyo disponibles?,Alto,2026-03-16 17:10:00
62,user,¿Puedes darme consejos para manejar el estrés?,Medio,2026-02-02 23:00:00
62,assistant,Noto que hay áreas que podrían mejorar. ¿Te gustaría hablar más sobre el estrés?,Medio,2026-02-02 23:08:00
197,user,La carga académica es muy pesada.,Medio,2026-06-28 01:00:00
197,assistant,Hay señales de alerta moderadas. Te recomiendo establecer una rutina de descanso.,Medio,2026-06-28 01:05:00
197,user,Me siento bien hoy.,Medio,2026-06-28 01:08:00
383,user,¿Hay recursos de apoyo disponibles?,Medio,2026-05-31 04:00:00
383,assistant,Veo que la carga académica te preocupa. Vamos a crear un plan de organización.,Medio,2026-05-31 04:02:00
108,user,¿Hay recursos de apoyo disponibles?,Medio,2026-02-19 16:00:00
108,assistant,Hay señales de alerta moderadas. Te recomiendo establecer una rutina de descanso.,Medio,2026-02-19 16:03:00
108,user,Tengo problemas para concentrarme.,Medio,2026-02-19 16:16:00
108,assistant,Noto que hay áreas que podrían mejorar. ¿Te gustaría hablar más sobre el estrés?,Medio,2026-02-19 16:12:00
108,user,¿Hay recursos de apoyo disponibles?,Medio,2026-02-19 16:32:00
260,user,Me siento motivado pero cansado.,Medio,2026-06-23 00:00:00
260,assistant,Veo que la carga académica te preocupa. Vamos a crear un plan de organización.,Medio,2026-06-23 00:07:00
451,user,No he dormido bien esta semana.,Medio,2026-02-04 18:00:00
451,assistant,Hay señales de alerta moderadas. Te recomiendo establecer una rutina de descanso.,Medio,2026-02-04 18:04:00
451,user,Me siento estresado con la carga de trabajo.,Medio,2026-02-04 18:12:00
451,assistant,Noto que hay áreas que podrían mejorar. ¿Te gustaría hablar más sobre el estrés?,Medio,2026-02-04 18:12:00
424,user,¿Puedes darme consejos para manejar el estrés?,Medio,2026-03-20 22:00:00
424,assistant,Noto que hay áreas que podrían mejorar. ¿Te gustaría hablar más sobre el estrés?,Medio,2026-03-20 22:04:00
440,user,Tengo problemas para concentrarme.,Medio,2026-06-21 00:00:00
440,assistant,Veo que la carga académica te preocupa. Vamos a crear un plan de organización.,Medio,2026-06-21 00:08:00
483,user,Estoy preocupado por mis calificaciones.,Medio,2026-03-24 02:00:00
483,assistant,Noto que hay áreas que podrían mejorar. ¿Te gustaría hablar más sobre el estrés?,Medio,2026-03-24 02:06:00
483,user,Me siento estresado con la carga de trabajo.,Medio,2026-03-24 02:06:00
483,assistant,Noto que hay áreas que podrían mejorar. ¿Te gustaría hablar más sobre el estrés?,Medio,2026-03-24 02:18:00
477,user,Necesito ayuda para organizarme.,Medio,2026-01-30 19:00:00
477,assistant,Hay señales de alerta moderadas. Te recomiendo establecer una rutina de descanso.,Medio,2026-01-30 19:02:00
458,user,Me siento estresado con la carga de trabajo.,Medio,2026-02-17 20:00:00
458,assistant,Veo que la carga académica te preocupa. Vamos a crear un plan de organización.,Medio,2026-02-17 20:04:00
336,user,Me siento estresado con la carga de trabajo.,Medio,2026-05-17 20:00:00
336,assistant,Noto que hay áreas que podrían mejorar. ¿Te gustaría hablar más sobre el estrés?,Medio,2026-05-17 20:04:00
336,user,Tengo problemas para concentrarme.,Medio,2026-05-17 20:14:00
353,user,Estoy preocupado por mis calificaciones.,Medio,2026-01-20 00:00:00
353,assistant,Hay señales de alerta moderadas. Te recomiendo establecer una rutina de descanso.,Medio,2026-01-20 00:07:00
353,user,Tengo problemas para concentrarme.,Medio,2026-01-20 00:06:00
353,assistant,Noto que hay áreas que podrían mejorar. ¿Te gustaría hablar más sobre el estrés?,Medio,2026-01-20 00:24:00
353,user,No he dormido bien esta semana.,Medio,2026-01-20 00:24:00
184,user,¿Hay recursos de apoyo disponibles?,Medio,2026-05-06 16:00:00
184,assistant,Noto que hay áreas que podrían mejorar. ¿Te gustaría hablar más sobre el estrés?,Medio,2026-05-06 16:07:00
386,user,Me siento bien hoy.,Medio,2026-06-02 01:00:00
386,assistant,Noto que hay áreas que podrían mejorar. ¿Te gustaría hablar más sobre el estrés?,Medio,2026-06-02 01:01:00
68,user,La carga académica es muy pesada.,Medio,2026-03-28 16:00:00
68,assistant,Veo que la carga académica te preocupa. Vamos a crear un plan de organización.,Medio,2026-03-28 16:07:00
68,user,Me siento motivado pero cansado.,Medio,2026-03-28 16:04:00
340,user,Me siento bien hoy.,Medio,2026-03-21 00:00:00
340,assistant,Veo que la carga académica te preocupa. Vamos a crear un plan de organización.,Medio,2026-03-21 00:05:00
340,user,Necesito ayuda para organizarme.,Medio,2026-03-21 00:10:00
340,assistant,Veo que la carga académica te preocupa. Vamos a crear un plan de organización.,Medio,2026-03-21 00:12:00
273,user,Me siento estresado con la carga de trabajo.,Medio,2026-04-07 03:00:00
273,assistant,Hay señales de alerta moderadas. Te recomiendo establecer una rutina de descanso.,Medio,2026-04-07 03:08:00
147,user,No he dormido bien esta semana.,Medio,2026-02-20 00:00:00
147,assistant,Veo que la carga académica te preocupa. Vamos a crear un plan de organización.,Medio,2026-02-20 00:03:00
147,user,Me siento estresado con la carga de trabajo.,Medio,2026-02-20 00:08:00
361,user,La carga académica es muy pesada.,Medio,2026-05-11 17:00:00
361,assistant,Veo que la carga académica te preocupa. Vamos a crear un plan de organización.,Medio,2026-05-11 17:07:00
157,user,Me siento motivado pero cansado.,Medio,2026-02-05 16:00:00
157,assistant,Hay señales de alerta moderadas. Te recomiendo establecer una rutina de descanso.,Medio,2026-02-05 16:07:00
157,user,Me siento motivado pero cansado.,Medio,2026-02-05 16:02:00
157,assistant,Noto que hay áreas que podrían mejorar. ¿Te gustaría hablar más sobre el estrés?,Medio,2026-02-05 16:12:00
157,user,Estoy preocupado por mis calificaciones.,Medio,2026-02-05 16:12:00
341,user,Me siento estresado con la carga de trabajo.,Medio,2026-01-29 02:00:00
341,assistant,Hay señales de alerta moderadas. Te recomiendo establecer una rutina de descanso.,Medio,2026-01-29 02:04:00
341,user,Me siento estresado con la carga de trabajo.,Medio,2026-01-29 02:12:00
341,assistant,Veo que la carga académica te preocupa. Vamos a crear un plan de organización.,Medio,2026-01-29 02:21:00
447,user,La carga académica es muy pesada.,Medio,2026-01-30 04:00:00
447,assistant,Hay señales de alerta moderadas. Te recomiendo establecer una rutina de descanso.,Medio,2026-01-30 04:05:00
447,user,¿Puedes darme consejos para manejar el estrés?,Medio,2026-01-30 04:14:00
447,assistant,Hay señales de alerta moderadas. Te recomiendo establecer una rutina de descanso.,Medio,2026-01-30 04:12:00
447,user,¿Puedes darme consejos para manejar el estrés?,Medio,2026-01-30 04:04:00
147,user,Necesito ayuda para organizarme.,Medio,2026-03-26 17:00:00
147,assistant,Noto que hay áreas que podrían mejorar. ¿Te gustaría hablar más sobre el estrés?,Medio,2026-03-26 17:05:00
147,user,Necesito ayuda para organizarme.,Medio,2026-03-26 17:10:00
147,assistant,Veo que la carga académica te preocupa. Vamos a crear un plan de organización.,Medio,2026-03-26 17:15:00
404,user,La carga académica es muy pesada.,Medio,2026-06-19 16:00:00
404,assistant,Hay señales de alerta moderadas. Te recomiendo establecer una rutina de descanso.,Medio,2026-06-19 16:08:00
404,user,Me siento estresado con la carga de trabajo.,Medio,2026-06-19 16:16:00
404,assistant,Noto que hay áreas que podrían mejorar. ¿Te gustaría hablar más sobre el estrés?,Medio,2026-06-19 16:24:00
22,user,Estoy preocupado por mis calificaciones.,Medio,2026-05-18 02:00:00
22,assistant,Veo que la carga académica te preocupa. Vamos a crear un plan de organización.,Medio,2026-05-18 02:02:00
22,user,La carga académica es muy pesada.,Medio,2026-05-18 02:12:00
492,user,La carga académica es muy pesada.,Medio,2026-03-02 20:00:00
492,assistant,Noto que hay áreas que podrían mejorar. ¿Te gustaría hablar más sobre el estrés?,Medio,2026-03-02 20:04:00
492,user,¿Puedes darme consejos para manejar el estrés?,Medio,2026-03-02 20:06:00
492,assistant,Veo que la carga académica te preocupa. Vamos a crear un plan de organización.,Medio,2026-03-02 20:03:00
123,user,¿Hay recursos de apoyo disponibles?,Medio,2026-01-24 18:00:00
123,assistant,Noto que hay áreas que podrían mejorar. ¿Te gustaría hablar más sobre el estrés?,Medio,2026-01-24 18:04:00
123,user,Me siento estresado con la carga de trabajo.,Medio,2026-01-24 18:10:00
123,assistant,Hay señales de alerta moderadas. Te recomiendo establecer una rutina de descanso.,Medio,2026-01-24 18:03:00
123,user,Necesito ayuda para organizarme.,Medio,2026-01-24 18:04:00
311,user,Tengo problemas para concentrarme.,Medio,2026-02-11 17:00:00
311,assistant,Noto que hay áreas que podrían mejorar. ¿Te gustaría hablar más sobre el estrés?,Medio,2026-02-11 17:04:00
170,user,Estoy preocupado por mis calificaciones.,Alto,2026-07-08 22:00:00
170,assistant,Estoy viendo indicadores altos de riesgo. Es importante que hables con un tutor.,Alto,2026-07-08 22:01:00
171,user,Me siento motivado pero cansado.,Medio,2026-04-17 21:00:00
171,assistant,Veo que la carga académica te preocupa. Vamos a crear un plan de organización.,Medio,2026-04-17 21:01:00
171,user,¿Puedes darme consejos para manejar el estrés?,Medio,2026-04-17 21:12:00
171,assistant,Noto que hay áreas que podrían mejorar. ¿Te gustaría hablar más sobre el estrés?,Medio,2026-04-17 21:15:00
480,user,Necesito ayuda para organizarme.,Medio,2026-06-15 16:00:00
480,assistant,Noto que hay áreas que podrían mejorar. ¿Te gustaría hablar más sobre el estrés?,Medio,2026-06-15 16:07:00
480,user,¿Hay recursos de apoyo disponibles?,Medio,2026-06-15 16:02:00
340,user,No he dormido bien esta semana.,Medio,2026-04-23 04:00:00
340,assistant,Veo que la carga académica te preocupa. Vamos a crear un plan de organización.,Medio,2026-04-23 04:07:00
279,user,¿Hay recursos de apoyo disponibles?,Alto,2026-05-31 04:00:00
279,assistant,Recomiendo que busques apoyo con consejería estudiantil para evitar una crisis.,Alto,2026-05-31 04:08:00
166,user,Me siento bien hoy.,Medio,2026-06-11 20:00:00
166,assistant,Noto que hay áreas que podrían mejorar. ¿Te gustaría hablar más sobre el estrés?,Medio,2026-06-11 20:08:00
166,user,Necesito ayuda para organizarme.,Medio,2026-06-11 20:04:00
166,assistant,Veo que la carga académica te preocupa. Vamos a crear un plan de organización.,Medio,2026-06-11 20:12:00
231,user,Necesito ayuda para organizarme.,Medio,2026-04-29 21:00:00
231,assistant,Veo que la carga académica te preocupa. Vamos a crear un plan de organización.,Medio,2026-04-29 21:04:00
233,user,Tengo problemas para concentrarme.,Medio,2026-03-15 01:00:00
233,assistant,Hay señales de alerta moderadas. Te recomiendo establecer una rutina de descanso.,Medio,2026-03-15 01:03:00
233,user,¿Hay recursos de apoyo disponibles?,Medio,2026-03-15 01:10:00
411,user,Estoy preocupado por mis calificaciones.,Alto,2026-04-05 17:00:00
411,assistant,Recomiendo que busques apoyo con consejería estudiantil para evitar una crisis.,Alto,2026-04-05 17:03:00
298,user,Me siento estresado con la carga de trabajo.,Alto,2026-03-06 18:00:00
298,assistant,Estoy viendo indicadores altos de riesgo. Es importante que hables con un tutor.,Alto,2026-03-06 18:07:00
298,user,La carga académica es muy pesada.,Alto,2026-03-06 18:16:00
298,assistant,Recomiendo que busques apoyo con consejería estudiantil para evitar una crisis.,Alto,2026-03-06 18:06:00
298,user,¿Puedes darme consejos para manejar el estrés?,Alto,2026-03-06 18:04:00
430,user,Tengo problemas para concentrarme.,Medio,2026-07-10 18:00:00
430,assistant,Hay señales de alerta moderadas. Te recomiendo establecer una rutina de descanso.,Medio,2026-07-10 18:06:00
430,user,¿Puedes darme consejos para manejar el estrés?,Medio,2026-07-10 18:14:00
360,user,¿Hay recursos de apoyo disponibles?,Medio,2026-03-31 17:00:00
360,assistant,Veo que la carga académica te preocupa. Vamos a crear un plan de organización.,Medio,2026-03-31 17:01:00
360,user,No he dormido bien esta semana.,Medio,2026-03-31 17:12:00
360,assistant,Hay señales de alerta moderadas. Te recomiendo establecer una rutina de descanso.,Medio,2026-03-31 17:21:00
326,user,¿Puedes darme consejos para manejar el estrés?,Medio,2026-05-06 20:00:00
326,assistant,Noto que hay áreas que podrían mejorar. ¿Te gustaría hablar más sobre el estrés?,Medio,2026-05-06 20:01:00
326,user,¿Hay recursos de apoyo disponibles?,Medio,2026-05-06 20:12:00
349,user,¿Puedes darme consejos para manejar el estrés?,Alto,2026-04-22 21:00:00
349,assistant,Estoy viendo indicadores altos de riesgo. Es importante que hables con un tutor.,Alto,2026-04-22 21:04:00
349,user,La carga académica es muy pesada.,Alto,2026-04-22 21:16:00
349,assistant,Tu nivel de estrés es preocupante. ¿Podemos hablar de lo que te está afectando?,Alto,2026-04-22 21:03:00
349,user,¿Hay recursos de apoyo disponibles?,Alto,2026-04-22 21:28:00
150,user,Me siento estresado con la carga de trabajo.,Medio,2026-04-07 04:00:00
150,assistant,Hay señales de alerta moderadas. Te recomiendo establecer una rutina de descanso.,Medio,2026-04-07 04:05:00
150,user,¿Hay recursos de apoyo disponibles?,Medio,2026-04-07 04:12:00
54,user,La carga académica es muy pesada.,Alto,2026-02-26 17:00:00
54,assistant,Tu nivel de estrés es preocupante. ¿Podemos hablar de lo que te está afectando?,Alto,2026-02-26 17:04:00
54,user,¿Puedes darme consejos para manejar el estrés?,Alto,2026-02-26 17:10:00
54,assistant,Tu nivel de estrés es preocupante. ¿Podemos hablar de lo que te está afectando?,Alto,2026-02-26 17:06:00
477,user,Me siento bien hoy.,Alto,2026-03-27 18:00:00
477,assistant,Estoy viendo indicadores altos de riesgo. Es importante que hables con un tutor.,Alto,2026-03-27 18:01:00
495,user,Me siento estresado con la carga de trabajo.,Medio,2026-06-02 04:00:00
495,assistant,Noto que hay áreas que podrían mejorar. ¿Te gustaría hablar más sobre el estrés?,Medio,2026-06-02 04:05:00
495,user,¿Hay recursos de apoyo disponibles?,Medio,2026-06-02 04:14:00
495,assistant,Veo que la carga académica te preocupa. Vamos a crear un plan de organización.,Medio,2026-06-02 04:24:00
495,user,Tengo problemas para concentrarme.,Medio,2026-06-02 04:12:00
429,user,Me siento motivado pero cansado.,Medio,2026-02-13 03:00:00
429,assistant,Hay señales de alerta moderadas. Te recomiendo establecer una rutina de descanso.,Medio,2026-02-13 03:05:00
48,user,No he dormido bien esta semana.,Medio,2026-03-28 03:00:00
48,assistant,Veo que la carga académica te preocupa. Vamos a crear un plan de organización.,Medio,2026-03-28 03:02:00
48,user,Necesito ayuda para organizarme.,Medio,2026-03-28 03:06:00
48,assistant,Veo que la carga académica te preocupa. Vamos a crear un plan de organización.,Medio,2026-03-28 03:18:00
145,user,Me siento estresado con la carga de trabajo.,Medio,2026-05-27 02:00:00
145,assistant,Noto que hay áreas que podrían mejorar. ¿Te gustaría hablar más sobre el estrés?,Medio,2026-05-27 02:06:00
145,user,Me siento bien hoy.,Medio,2026-05-27 02:02:00
145,assistant,Veo que la carga académica te preocupa. Vamos a crear un plan de organización.,Medio,2026-05-27 02:03:00
129,user,La carga académica es muy pesada.,Alto,2026-04-21 19:00:00
129,assistant,Estoy viendo indicadores altos de riesgo. Es importante que hables con un tutor.,Alto,2026-04-21 19:08:00
129,user,¿Puedes darme consejos para manejar el estrés?,Alto,2026-04-21 19:16:00
148,user,Me siento estresado con la carga de trabajo.,Medio,2026-06-26 17:00:00
148,assistant,Noto que hay áreas que podrían mejorar. ¿Te gustaría hablar más sobre el estrés?,Medio,2026-06-26 17:08:00
148,user,Tengo problemas para concentrarme.,Medio,2026-06-26 17:08:00
367,user,¿Hay recursos de apoyo disponibles?,Medio,2026-05-03 03:00:00
367,assistant,Veo que la carga académica te preocupa. Vamos a crear un plan de organización.,Medio,2026-05-03 03:06:00
367,user,Me siento motivado pero cansado.,Medio,2026-05-03 03:06:00
367,assistant,Hay señales de alerta moderadas. Te recomiendo establecer una rutina de descanso.,Medio,2026-05-03 03:12:00
367,user,La carga académica es muy pesada.,Medio,2026-05-03 03:32:00
254,user,Tengo problemas para concentrarme.,Alto,2026-04-26 01:00:00
254,assistant,Tu nivel de estrés es preocupante. ¿Podemos hablar de lo que te está afectando?,Alto,2026-04-26 01:02:00
254,user,Me siento bien hoy.,Alto,2026-04-26 01:04:00
254,assistant,Tu nivel de estrés es preocupante. ¿Podemos hablar de lo que te está afectando?,Alto,2026-04-26 01:21:00
500,user,Me siento motivado pero cansado.,Medio,2026-03-20 02:00:00
500,assistant,Veo que la carga académica te preocupa. Vamos a crear un plan de organización.,Medio,2026-03-20 02:02:00
500,user,Necesito ayuda para organizarme.,Medio,2026-03-20 02:14:00
364,user,Me siento bien hoy.,Medio,2026-05-19 04:00:00
364,assistant,Hay señales de alerta moderadas. Te recomiendo establecer una rutina de descanso.,Medio,2026-05-19 04:05:00
364,user,Tengo problemas para concentrarme.,Medio,2026-05-19 04:08:00
364,assistant,Hay señales de alerta moderadas. Te recomiendo establecer una rutina de descanso.,Medio,2026-05-19 04:03:00
364,user,Tengo problemas para concentrarme.,Medio,2026-05-19 04:24:00
137,user,Estoy preocupado por mis calificaciones.,Medio,2026-04-30 22:00:00
137,assistant,Noto que hay áreas que podrían mejorar. ¿Te gustaría hablar más sobre el estrés?,Medio,2026-04-30 22:05:00
137,user,Me siento motivado pero cansado.,Medio,2026-04-30 22:08:00
137,assistant,Hay señales de alerta moderadas. Te recomiendo establecer una rutina de descanso.,Medio,2026-04-30 22:03:00
137,user,La carga académica es muy pesada.,Medio,2026-04-30 22:32:00
213,user,¿Hay recursos de apoyo disponibles?,Medio,2026-02-27 00:00:00
213,assistant,Noto que hay áreas que podrían mejorar. ¿Te gustaría hablar más sobre el estrés?,Medio,2026-02-27 00:01:00
490,user,Necesito ayuda para organizarme.,Medio,2026-04-22 17:00:00
490,assistant,Veo que la carga académica te preocupa. Vamos a crear un plan de organización.,Medio,2026-04-22 17:01:00
490,user,Tengo problemas para concentrarme.,Medio,2026-04-22 17:08:00
490,assistant,Hay señales de alerta moderadas. Te recomiendo establecer una rutina de descanso.,Medio,2026-04-22 17:12:00
84,user,Necesito ayuda para organizarme.,Medio,2026-04-27 03:00:00
84,assistant,Hay señales de alerta moderadas. Te recomiendo establecer una rutina de descanso.,Medio,2026-04-27 03:04:00
84,user,Tengo problemas para concentrarme.,Medio,2026-04-27 03:08:00
485,user,Tengo problemas para concentrarme.,Medio,2026-01-21 04:00:00
485,assistant,Hay señales de alerta moderadas. Te recomiendo establecer una rutina de descanso.,Medio,2026-01-21 04:01:00
84,user,Me siento estresado con la carga de trabajo.,Medio,2026-01-21 19:00:00
84,assistant,Veo que la carga académica te preocupa. Vamos a crear un plan de organización.,Medio,2026-01-21 19:02:00
84,user,Estoy preocupado por mis calificaciones.,Medio,2026-01-21 19:14:00
71,user,Me siento estresado con la carga de trabajo.,Medio,2026-03-25 17:00:00
71,assistant,Veo que la carga académica te preocupa. Vamos a crear un plan de organización.,Medio,2026-03-25 17:03:00
71,user,No he dormido bien esta semana.,Medio,2026-03-25 17:14:00
71,assistant,Noto que hay áreas que podrían mejorar. ¿Te gustaría hablar más sobre el estrés?,Medio,2026-03-25 17:15:00
71,user,Necesito ayuda para organizarme.,Medio,2026-03-25 17:28:00
266,user,Me siento bien hoy.,Alto,2026-04-02 20:00:00
266,assistant,Tu nivel de estrés es preocupante. ¿Podemos hablar de lo que te está afectando?,Alto,2026-04-02 20:08:00
266,user,Estoy preocupado por mis calificaciones.,Alto,2026-04-02 20:10:00
266,assistant,Tu nivel de estrés es preocupante. ¿Podemos hablar de lo que te está afectando?,Alto,2026-04-02 20:06:00
266,user,Me siento bien hoy.,Alto,2026-04-02 20:28:00
291,user,Estoy preocupado por mis calificaciones.,Medio,2026-03-29 03:00:00
291,assistant,Hay señales de alerta moderadas. Te recomiendo establecer una rutina de descanso.,Medio,2026-03-29 03:07:00
291,user,Necesito ayuda para organizarme.,Medio,2026-03-29 03:04:00
235,user,Necesito ayuda para organizarme.,Medio,2026-01-21 22:00:00
235,assistant,Veo que la carga académica te preocupa. Vamos a crear un plan de organización.,Medio,2026-01-21 22:02:00
235,user,La carga académica es muy pesada.,Medio,2026-01-21 22:12:00
235,assistant,Noto que hay áreas que podrían mejorar. ¿Te gustaría hablar más sobre el estrés?,Medio,2026-01-21 22:06:00
235,user,No he dormido bien esta semana.,Medio,2026-01-21 22:12:00
110,user,Estoy preocupado por mis calificaciones.,Medio,2026-05-21 01:00:00
110,assistant,Veo que la carga académica te preocupa. Vamos a crear un plan de organización.,Medio,2026-05-21 01:04:00
110,user,Me siento estresado con la carga de trabajo.,Medio,2026-05-21 01:16:00
133,user,Me siento estresado con la carga de trabajo.,Medio,2026-04-11 18:00:00
133,assistant,Veo que la carga académica te preocupa. Vamos a crear un plan de organización.,Medio,2026-04-11 18:04:00
133,user,Tengo problemas para concentrarme.,Medio,2026-04-11 18:16:00
133,assistant,Veo que la carga académica te preocupa. Vamos a crear un plan de organización.,Medio,2026-04-11 18:24:00
133,user,Necesito ayuda para organizarme.,Medio,2026-04-11 18:16:00
168,user,No he dormido bien esta semana.,Medio,2026-05-19 00:00:00
168,assistant,Veo que la carga académica te preocupa. Vamos a crear un plan de organización.,Medio,2026-05-19 00:02:00
196,user,¿Puedes darme consejos para manejar el estrés?,Medio,2026-01-18 18:00:00
196,assistant,Hay señales de alerta moderadas. Te recomiendo establecer una rutina de descanso.,Medio,2026-01-18 18:02:00
23,user,¿Puedes darme consejos para manejar el estrés?,Alto,2026-05-21 18:00:00
23,assistant,Tu nivel de estrés es preocupante. ¿Podemos hablar de lo que te está afectando?,Alto,2026-05-21 18:01:00
23,user,La carga académica es muy pesada.,Alto,2026-05-21 18:04:00
23,assistant,Tu nivel de estrés es preocupante. ¿Podemos hablar de lo que te está afectando?,Alto,2026-05-21 18:15:00
23,user,La carga académica es muy pesada.,Alto,2026-05-21 18:24:00
318,user,Tengo problemas para concentrarme.,Medio,2026-06-09 02:00:00
318,assistant,Veo que la carga académica te preocupa. Vamos a crear un plan de organización.,Medio,2026-06-09 02:06:00
318,user,Tengo problemas para concentrarme.,Medio,2026-06-09 02:10:00
318,assistant,Hay señales de alerta moderadas. Te recomiendo establecer una rutina de descanso.,Medio,2026-06-09 02:24:00
111,user,Me siento estresado con la carga de trabajo.,Medio,2026-02-18 18:00:00
111,assistant,Hay señales de alerta moderadas. Te recomiendo establecer una rutina de descanso.,Medio,2026-02-18 18:03:00
111,user,¿Puedes darme consejos para manejar el estrés?,Medio,2026-02-18 18:16:00
111,assistant,Noto que hay áreas que podrían mejorar. ¿Te gustaría hablar más sobre el estrés?,Medio,2026-02-18 18:03:00
111,user,La carga académica es muy pesada.,Medio,2026-02-18 18:16:00
106,user,¿Hay recursos de apoyo disponibles?,Bajo,2026-06-01 23:00:00
106,assistant,Tu bienestar se ve estable. Continúa así y no descuides el sueño.,Bajo,2026-06-01 23:03:00
38,user,Me siento bien hoy.,Medio,2026-06-07 19:00:00
38,assistant,Hay señales de alerta moderadas. Te recomiendo establecer una rutina de descanso.,Medio,2026-06-07 19:07:00
303,user,La carga académica es muy pesada.,Alto,2026-04-20 01:00:00
303,assistant,Estoy viendo indicadores altos de riesgo. Es importante que hables con un tutor.,Alto,2026-04-20 01:03:00
303,user,No he dormido bien esta semana.,Alto,2026-04-20 01:08:00
303,assistant,Tu nivel de estrés es preocupante. ¿Podemos hablar de lo que te está afectando?,Alto,2026-04-20 01:09:00
303,user,La carga académica es muy pesada.,Alto,2026-04-20 01:08:00
68,user,¿Hay recursos de apoyo disponibles?,Medio,2026-06-15 02:00:00
68,assistant,Veo que la carga académica te preocupa. Vamos a crear un plan de organización.,Medio,2026-06-15 02:08:00
68,user,Me siento bien hoy.,Medio,2026-06-15 02:06:00
68,assistant,Noto que hay áreas que podrían mejorar. ¿Te gustaría hablar más sobre el estrés?,Medio,2026-06-15 02:12:00
114,user,Me siento estresado con la carga de trabajo.,Medio,2026-06-21 18:00:00
114,assistant,Noto que hay áreas que podrían mejorar. ¿Te gustaría hablar más sobre el estrés?,Medio,2026-06-21 18:01:00
114,user,¿Puedes darme consejos para manejar el estrés?,Medio,2026-06-21 18:16:00
114,assistant,Hay señales de alerta moderadas. Te recomiendo establecer una rutina de descanso.,Medio,2026-06-21 18:24:00
114,user,Necesito ayuda para organizarme.,Medio,2026-06-21 18:20:00
260,user,Me siento motivado pero cansado.,Medio,2026-03-18 00:00:00
260,assistant,Hay señales de alerta moderadas. Te recomiendo establecer una rutina de descanso.,Medio,2026-03-18 00:06:00
260,user,Tengo problemas para concentrarme.,Medio,2026-03-18 00:04:00
260,assistant,Veo que la carga académica te preocupa. Vamos a crear un plan de organización.,Medio,2026-03-18 00:12:00
260,user,¿Puedes darme consejos para manejar el estrés?,Medio,2026-03-18 00:20:00
368,user,No he dormido bien esta semana.,Medio,2026-05-07 00:00:00
368,assistant,Veo que la carga académica te preocupa. Vamos a crear un plan de organización.,Medio,2026-05-07 00:06:00
368,user,¿Puedes darme consejos para manejar el estrés?,Medio,2026-05-07 00:02:00
368,assistant,Hay señales de alerta moderadas. Te recomiendo establecer una rutina de descanso.,Medio,2026-05-07 00:24:00
398,user,Estoy preocupado por mis calificaciones.,Medio,2026-05-03 19:00:00
398,assistant,Noto que hay áreas que podrían mejorar. ¿Te gustaría hablar más sobre el estrés?,Medio,2026-05-03 19:01:00
398,user,Me siento bien hoy.,Medio,2026-05-03 19:16:00
188,user,Necesito ayuda para organizarme.,Medio,2026-01-17 01:00:00
188,assistant,Veo que la carga académica te preocupa. Vamos a crear un plan de organización.,Medio,2026-01-17 01:01:00
314,user,Me siento estresado con la carga de trabajo.,Medio,2026-06-29 20:00:00
314,assistant,Hay señales de alerta moderadas. Te recomiendo establecer una rutina de descanso.,Medio,2026-06-29 20:01:00
314,user,¿Hay recursos de apoyo disponibles?,Medio,2026-06-29 20:02:00
314,assistant,Veo que la carga académica te preocupa. Vamos a crear un plan de organización.,Medio,2026-06-29 20:24:00
314,user,¿Hay recursos de apoyo disponibles?,Medio,2026-06-29 20:32:00
255,user,Me siento estresado con la carga de trabajo.,Medio,2026-06-30 04:00:00
255,assistant,Noto que hay áreas que podrían mejorar. ¿Te gustaría hablar más sobre el estrés?,Medio,2026-06-30 04:03:00
365,user,Me siento estresado con la carga de trabajo.,Medio,2026-02-17 17:00:00
365,assistant,Veo que la carga académica te preocupa. Vamos a crear un plan de organización.,Medio,2026-02-17 17:01:00
164,user,¿Hay recursos de apoyo disponibles?,Medio,2026-06-03 20:00:00
164,assistant,Hay señales de alerta moderadas. Te recomiendo establecer una rutina de descanso.,Medio,2026-06-03 20:06:00
164,user,¿Puedes darme consejos para manejar el estrés?,Medio,2026-06-03 20:12:00
268,user,No he dormido bien esta semana.,Medio,2026-07-04 22:00:00
268,assistant,Veo que la carga académica te preocupa. Vamos a crear un plan de organización.,Medio,2026-07-04 22:03:00
377,user,Tengo problemas para concentrarme.,Medio,2026-02-28 23:00:00
377,assistant,Noto que hay áreas que podrían mejorar. ¿Te gustaría hablar más sobre el estrés?,Medio,2026-02-28 23:01:00
377,user,La carga académica es muy pesada.,Medio,2026-02-28 23:10:00
291,user,¿Hay recursos de apoyo disponibles?,Medio,2026-04-12 23:00:00
291,assistant,Noto que hay áreas que podrían mejorar. ¿Te gustaría hablar más sobre el estrés?,Medio,2026-04-12 23:02:00
474,user,¿Hay recursos de apoyo disponibles?,Alto,2026-02-06 18:00:00
474,assistant,Estoy viendo indicadores altos de riesgo. Es importante que hables con un tutor.,Alto,2026-02-06 18:01:00
474,user,Me siento bien hoy.,Alto,2026-02-06 18:12:00
474,assistant,Tu nivel de estrés es preocupante. ¿Podemos hablar de lo que te está afectando?,Alto,2026-02-06 18:06:00
453,user,¿Puedes darme consejos para manejar el estrés?,Medio,2026-03-19 20:00:00
453,assistant,Noto que hay áreas que podrían mejorar. ¿Te gustaría hablar más sobre el estrés?,Medio,2026-03-19 20:07:00
453,user,La carga académica es muy pesada.,Medio,2026-03-19 20:06:00
146,user,Me siento bien hoy.,Alto,2026-04-05 22:00:00
146,assistant,Estoy viendo indicadores altos de riesgo. Es importante que hables con un tutor.,Alto,2026-04-05 22:03:00
146,user,La carga académica es muy pesada.,Alto,2026-04-05 22:10:00
361,user,Necesito ayuda para organizarme.,Medio,2026-02-07 23:00:00
361,assistant,Veo que la carga académica te preocupa. Vamos a crear un plan de organización.,Medio,2026-02-07 23:03:00
361,user,Me siento estresado con la carga de trabajo.,Medio,2026-02-07 23:14:00
361,assistant,Noto que hay áreas que podrían mejorar. ¿Te gustaría hablar más sobre el estrés?,Medio,2026-02-07 23:12:00
363,user,Me siento bien hoy.,Medio,2026-06-30 04:00:00
363,assistant,Veo que la carga académica te preocupa. Vamos a crear un plan de organización.,Medio,2026-06-30 04:05:00
363,user,No he dormido bien esta semana.,Medio,2026-06-30 04:08:00
363,assistant,Hay señales de alerta moderadas. Te recomiendo establecer una rutina de descanso.,Medio,2026-06-30 04:12:00
243,user,Me siento motivado pero cansado.,Medio,2026-02-14 00:00:00
243,assistant,Hay señales de alerta moderadas. Te recomiendo establecer una rutina de descanso.,Medio,2026-02-14 00:06:00
243,user,Necesito ayuda para organizarme.,Medio,2026-02-14 00:14:00
341,user,Me siento estresado con la carga de trabajo.,Medio,2026-01-23 21:00:00
341,assistant,Hay señales de alerta moderadas. Te recomiendo establecer una rutina de descanso.,Medio,2026-01-23 21:08:00
341,user,Necesito ayuda para organizarme.,Medio,2026-01-23 21:12:00
341,assistant,Veo que la carga académica te preocupa. Vamos a crear un plan de organización.,Medio,2026-01-23 21:06:00
99,user,Me siento estresado con la carga de trabajo.,Medio,2026-04-03 18:00:00
99,assistant,Veo que la carga académica te preocupa. Vamos a crear un plan de organización.,Medio,2026-04-03 18:08:00
99,user,¿Hay recursos de apoyo disponibles?,Medio,2026-04-03 18:14:00
378,user,¿Hay recursos de apoyo disponibles?,Alto,2026-03-18 20:00:00
378,assistant,Tu nivel de estrés es preocupante. ¿Podemos hablar de lo que te está afectando?,Alto,2026-03-18 20:07:00
378,user,La carga académica es muy pesada.,Alto,2026-03-18 20:02:00
378,assistant,Estoy viendo indicadores altos de riesgo. Es importante que hables con un tutor.,Alto,2026-03-18 20:06:00
219,user,¿Puedes darme consejos para manejar el estrés?,Medio,2026-03-25 01:00:00
219,assistant,Hay señales de alerta moderadas. Te recomiendo establecer una rutina de descanso.,Medio,2026-03-25 01:04:00
491,user,No he dormido bien esta semana.,Medio,2026-02-19 18:00:00
491,assistant,Noto que hay áreas que podrían mejorar. ¿Te gustaría hablar más sobre el estrés?,Medio,2026-02-19 18:06:00
238,user,¿Puedes darme consejos para manejar el estrés?,Medio,2026-05-12 16:00:00
238,assistant,Hay señales de alerta moderadas. Te recomiendo establecer una rutina de descanso.,Medio,2026-05-12 16:02:00
238,user,¿Puedes darme consejos para manejar el estrés?,Medio,2026-05-12 16:08:00
443,user,Me siento estresado con la carga de trabajo.,Medio,2026-02-08 03:00:00
443,assistant,Noto que hay áreas que podrían mejorar. ¿Te gustaría hablar más sobre el estrés?,Medio,2026-02-08 03:06:00
443,user,No he dormido bien esta semana.,Medio,2026-02-08 03:16:00
443,assistant,Veo que la carga académica te preocupa. Vamos a crear un plan de organización.,Medio,2026-02-08 03:21:00
361,user,Me siento bien hoy.,Medio,2026-05-16 02:00:00
361,assistant,Hay señales de alerta moderadas. Te recomiendo establecer una rutina de descanso.,Medio,2026-05-16 02:03:00
361,user,Necesito ayuda para organizarme.,Medio,2026-05-16 02:06:00
361,assistant,Hay señales de alerta moderadas. Te recomiendo establecer una rutina de descanso.,Medio,2026-05-16 02:18:00
361,user,La carga académica es muy pesada.,Medio,2026-05-16 02:28:00
309,user,¿Hay recursos de apoyo disponibles?,Alto,2026-02-02 21:00:00
309,assistant,Estoy viendo indicadores altos de riesgo. Es importante que hables con un tutor.,Alto,2026-02-02 21:03:00
309,user,Me siento bien hoy.,Alto,2026-02-02 21:12:00
309,assistant,Tu nivel de estrés es preocupante. ¿Podemos hablar de lo que te está afectando?,Alto,2026-02-02 21:18:00
309,user,Tengo problemas para concentrarme.,Alto,2026-02-02 21:04:00
316,user,Me siento motivado pero cansado.,Medio,2026-04-26 17:00:00
316,assistant,Noto que hay áreas que podrían mejorar. ¿Te gustaría hablar más sobre el estrés?,Medio,2026-04-26 17:04:00
316,user,La carga académica es muy pesada.,Medio,2026-04-26 17:14:00
51,user,La carga académica es muy pesada.,Medio,2026-07-01 18:00:00
51,assistant,Veo que la carga académica te preocupa. Vamos a crear un plan de organización.,Medio,2026-07-01 18:08:00
51,user,Me siento estresado con la carga de trabajo.,Medio,2026-07-01 18:10:00
51,assistant,Hay señales de alerta moderadas. Te recomiendo establecer una rutina de descanso.,Medio,2026-07-01 18:09:00
87,user,Necesito ayuda para organizarme.,Medio,2026-05-27 17:00:00
87,assistant,Veo que la carga académica te preocupa. Vamos a crear un plan de organización.,Medio,2026-05-27 17:07:00
415,user,Me siento motivado pero cansado.,Medio,2026-02-25 21:00:00
415,assistant,Hay señales de alerta moderadas. Te recomiendo establecer una rutina de descanso.,Medio,2026-02-25 21:07:00
415,user,Estoy preocupado por mis calificaciones.,Medio,2026-02-25 21:02:00
415,assistant,Hay señales de alerta moderadas. Te recomiendo establecer una rutina de descanso.,Medio,2026-02-25 21:21:00
415,user,La carga académica es muy pesada.,Medio,2026-02-25 21:08:00
313,user,Necesito ayuda para organizarme.,Medio,2026-05-11 00:00:00
313,assistant,Noto que hay áreas que podrían mejorar. ¿Te gustaría hablar más sobre el estrés?,Medio,2026-05-11 00:03:00
313,user,Estoy preocupado por mis calificaciones.,Medio,2026-05-11 00:14:00
313,assistant,Veo que la carga académica te preocupa. Vamos a crear un plan de organización.,Medio,2026-05-11 00:06:00
313,user,¿Puedes darme consejos para manejar el estrés?,Medio,2026-05-11 00:04:00
176,user,Estoy preocupado por mis calificaciones.,Medio,2026-06-15 20:00:00
176,assistant,Hay señales de alerta moderadas. Te recomiendo establecer una rutina de descanso.,Medio,2026-06-15 20:05:00
176,user,Me siento estresado con la carga de trabajo.,Medio,2026-06-15 20:04:00
176,assistant,Hay señales de alerta moderadas. Te recomiendo establecer una rutina de descanso.,Medio,2026-06-15 20:24:00
176,user,Necesito ayuda para organizarme.,Medio,2026-06-15 20:04:00
459,user,Me siento estresado con la carga de trabajo.,Medio,2026-04-19 20:00:00
459,assistant,Noto que hay áreas que podrían mejorar. ¿Te gustaría hablar más sobre el estrés?,Medio,2026-04-19 20:05:00
459,user,Necesito ayuda para organizarme.,Medio,2026-04-19 20:14:00
459,assistant,Noto que hay áreas que podrían mejorar. ¿Te gustaría hablar más sobre el estrés?,Medio,2026-04-19 20:24:00
170,user,Necesito ayuda para organizarme.,Alto,2026-01-25 01:00:00
170,assistant,Recomiendo que busques apoyo con consejería estudiantil para evitar una crisis.,Alto,2026-01-25 01:07:00
131,user,Me siento motivado pero cansado.,Medio,2026-05-31 17:00:00
131,assistant,Hay señales de alerta moderadas. Te recomiendo establecer una rutina de descanso.,Medio,2026-05-31 17:06:00
131,user,Me siento motivado pero cansado.,Medio,2026-05-31 17:08:00
474,user,Necesito ayuda para organizarme.,Medio,2026-05-30 01:00:00
474,assistant,Noto que hay áreas que podrían mejorar. ¿Te gustaría hablar más sobre el estrés?,Medio,2026-05-30 01:03:00
315,user,Tengo problemas para concentrarme.,Medio,2026-06-28 04:00:00
315,assistant,Hay señales de alerta moderadas. Te recomiendo establecer una rutina de descanso.,Medio,2026-06-28 04:05:00
315,user,Estoy preocupado por mis calificaciones.,Medio,2026-06-28 04:14:00
315,assistant,Noto que hay áreas que podrían mejorar. ¿Te gustaría hablar más sobre el estrés?,Medio,2026-06-28 04:09:00
315,user,La carga académica es muy pesada.,Medio,2026-06-28 04:08:00
432,user,¿Hay recursos de apoyo disponibles?,Alto,2026-02-14 04:00:00
432,assistant,Tu nivel de estrés es preocupante. ¿Podemos hablar de lo que te está afectando?,Alto,2026-02-14 04:04:00
432,user,Me siento estresado con la carga de trabajo.,Alto,2026-02-14 04:12:00
297,user,La carga académica es muy pesada.,Alto,2026-05-06 20:00:00
297,assistant,Recomiendo que busques apoyo con consejería estudiantil para evitar una crisis.,Alto,2026-05-06 20:07:00
297,user,¿Puedes darme consejos para manejar el estrés?,Alto,2026-05-06 20:10:00
143,user,La carga académica es muy pesada.,Medio,2026-03-09 16:00:00
143,assistant,Hay señales de alerta moderadas. Te recomiendo establecer una rutina de descanso.,Medio,2026-03-09 16:06:00
143,user,No he dormido bien esta semana.,Medio,2026-03-09 16:08:00
119,user,¿Hay recursos de apoyo disponibles?,Medio,2026-04-08 19:00:00
119,assistant,Veo que la carga académica te preocupa. Vamos a crear un plan de organización.,Medio,2026-04-08 19:07:00
119,user,¿Hay recursos de apoyo disponibles?,Medio,2026-04-08 19:12:00
119,assistant,Veo que la carga académica te preocupa. Vamos a crear un plan de organización.,Medio,2026-04-08 19:21:00
247,user,Me siento motivado pero cansado.,Medio,2026-01-18 21:00:00
247,assistant,Hay señales de alerta moderadas. Te recomiendo establecer una rutina de descanso.,Medio,2026-01-18 21:08:00
247,user,Me siento bien hoy.,Medio,2026-01-18 21:06:00
247,assistant,Veo que la carga académica te preocupa. Vamos a crear un plan de organización.,Medio,2026-01-18 21:21:00
134,user,Tengo problemas para concentrarme.,Medio,2026-07-04 01:00:00
134,assistant,Noto que hay áreas que podrían mejorar. ¿Te gustaría hablar más sobre el estrés?,Medio,2026-07-04 01:04:00
134,user,Tengo problemas para concentrarme.,Medio,2026-07-04 01:12:00
134,assistant,Hay señales de alerta moderadas. Te recomiendo establecer una rutina de descanso.,Medio,2026-07-04 01:15:00
134,user,Necesito ayuda para organizarme.,Medio,2026-07-04 01:32:00
349,user,¿Hay recursos de apoyo disponibles?,Medio,2026-02-24 01:00:00
349,assistant,Hay señales de alerta moderadas. Te recomiendo establecer una rutina de descanso.,Medio,2026-02-24 01:01:00
349,user,La carga académica es muy pesada.,Medio,2026-02-24 01:16:00
349,assistant,Noto que hay áreas que podrían mejorar. ¿Te gustaría hablar más sobre el estrés?,Medio,2026-02-24 01:21:00
475,user,No he dormido bien esta semana.,Medio,2026-04-22 01:00:00
475,assistant,Noto que hay áreas que podrían mejorar. ¿Te gustaría hablar más sobre el estrés?,Medio,2026-04-22 01:04:00
60,user,Tengo problemas para concentrarme.,Medio,2026-03-01 18:00:00
60,assistant,Hay señales de alerta moderadas. Te recomiendo establecer una rutina de descanso.,Medio,2026-03-01 18:04:00
60,user,Estoy preocupado por mis calificaciones.,Medio,2026-03-01 18:10:00
60,assistant,Hay señales de alerta moderadas. Te recomiendo establecer una rutina de descanso.,Medio,2026-03-01 18:18:00
60,user,No he dormido bien esta semana.,Medio,2026-03-01 18:24:00
261,user,Me siento motivado pero cansado.,Alto,2026-04-25 19:00:00
261,assistant,Tu nivel de estrés es preocupante. ¿Podemos hablar de lo que te está afectando?,Alto,2026-04-25 19:08:00
261,user,¿Puedes darme consejos para manejar el estrés?,Alto,2026-04-25 19:06:00
261,assistant,Tu nivel de estrés es preocupante. ¿Podemos hablar de lo que te está afectando?,Alto,2026-04-25 19:15:00
261,user,Me siento estresado con la carga de trabajo.,Alto,2026-04-25 19:24:00
394,user,¿Hay recursos de apoyo disponibles?,Medio,2026-03-01 02:00:00
394,assistant,Hay señales de alerta moderadas. Te recomiendo establecer una rutina de descanso.,Medio,2026-03-01 02:07:00
394,user,Me siento bien hoy.,Medio,2026-03-01 02:02:00
394,assistant,Veo que la carga académica te preocupa. Vamos a crear un plan de organización.,Medio,2026-03-01 02:12:00
394,user,¿Puedes darme consejos para manejar el estrés?,Medio,2026-03-01 02:08:00
310,user,¿Puedes darme consejos para manejar el estrés?,Medio,2026-04-29 16:00:00
310,assistant,Veo que la carga académica te preocupa. Vamos a crear un plan de organización.,Medio,2026-04-29 16:02:00
310,user,Necesito ayuda para organizarme.,Medio,2026-04-29 16:02:00
384,user,¿Puedes darme consejos para manejar el estrés?,Medio,2026-07-01 22:00:00
384,assistant,Hay señales de alerta moderadas. Te recomiendo establecer una rutina de descanso.,Medio,2026-07-01 22:04:00
384,user,¿Puedes darme consejos para manejar el estrés?,Medio,2026-07-01 22:16:00
483,user,Me siento estresado con la carga de trabajo.,Medio,2026-03-07 21:00:00
483,assistant,Veo que la carga académica te preocupa. Vamos a crear un plan de organización.,Medio,2026-03-07 21:08:00
239,user,Me siento motivado pero cansado.,Medio,2026-06-18 23:00:00
239,assistant,Veo que la carga académica te preocupa. Vamos a crear un plan de organización.,Medio,2026-06-18 23:06:00
239,user,¿Puedes darme consejos para manejar el estrés?,Medio,2026-06-18 23:08:00
240,user,Tengo problemas para concentrarme.,Medio,2026-02-01 16:00:00
240,assistant,Hay señales de alerta moderadas. Te recomiendo establecer una rutina de descanso.,Medio,2026-02-01 16:02:00
240,user,Estoy preocupado por mis calificaciones.,Medio,2026-02-01 16:10:00
240,assistant,Veo que la carga académica te preocupa. Vamos a crear un plan de organización.,Medio,2026-02-01 16:06:00
240,user,¿Hay recursos de apoyo disponibles?,Medio,2026-02-01 16:04:00
228,user,Me siento estresado con la carga de trabajo.,Alto,2026-01-30 20:00:00
228,assistant,Tu nivel de estrés es preocupante. ¿Podemos hablar de lo que te está afectando?,Alto,2026-01-30 20:08:00
228,user,Estoy preocupado por mis calificaciones.,Alto,2026-01-30 20:04:00
228,assistant,Estoy viendo indicadores altos de riesgo. Es importante que hables con un tutor.,Alto,2026-01-30 20:09:00
228,user,La carga académica es muy pesada.,Alto,2026-01-30 20:08:00
373,user,Me siento motivado pero cansado.,Medio,2026-05-01 02:00:00
373,assistant,Hay señales de alerta moderadas. Te recomiendo establecer una rutina de descanso.,Medio,2026-05-01 02:02:00
373,user,Necesito ayuda para organizarme.,Medio,2026-05-01 02:04:00
238,user,Necesito ayuda para organizarme.,Medio,2026-05-21 04:00:00
238,assistant,Veo que la carga académica te preocupa. Vamos a crear un plan de organización.,Medio,2026-05-21 04:08:00
238,user,Necesito ayuda para organizarme.,Medio,2026-05-21 04:16:00
238,assistant,Veo que la carga académica te preocupa. Vamos a crear un plan de organización.,Medio,2026-05-21 04:15:00
294,user,Me siento estresado con la carga de trabajo.,Medio,2026-01-25 04:00:00
294,assistant,Hay señales de alerta moderadas. Te recomiendo establecer una rutina de descanso.,Medio,2026-01-25 04:06:00
294,user,La carga académica es muy pesada.,Medio,2026-01-25 04:10:00
294,assistant,Veo que la carga académica te preocupa. Vamos a crear un plan de organización.,Medio,2026-01-25 04:09:00
294,user,La carga académica es muy pesada.,Alto,2026-05-17 03:00:00
294,assistant,Recomiendo que busques apoyo con consejería estudiantil para evitar una crisis.,Alto,2026-05-17 03:03:00
294,user,¿Puedes darme consejos para manejar el estrés?,Alto,2026-05-17 03:10:00
294,assistant,Tu nivel de estrés es preocupante. ¿Podemos hablar de lo que te está afectando?,Alto,2026-05-17 03:15:00
294,user,Me siento bien hoy.,Alto,2026-05-17 03:04:00
439,user,Necesito ayuda para organizarme.,Medio,2026-04-02 18:00:00
439,assistant,Hay señales de alerta moderadas. Te recomiendo establecer una rutina de descanso.,Medio,2026-04-02 18:03:00
439,user,Necesito ayuda para organizarme.,Medio,2026-04-02 18:06:00
439,assistant,Veo que la carga académica te preocupa. Vamos a crear un plan de organización.,Medio,2026-04-02 18:18:00
271,user,¿Puedes darme consejos para manejar el estrés?,Medio,2026-05-20 02:00:00
271,assistant,Hay señales de alerta moderadas. Te recomiendo establecer una rutina de descanso.,Medio,2026-05-20 02:01:00
271,user,No he dormido bien esta semana.,Medio,2026-05-20 02:12:00
271,assistant,Noto que hay áreas que podrían mejorar. ¿Te gustaría hablar más sobre el estrés?,Medio,2026-05-20 02:15:00
271,user,Me siento bien hoy.,Medio,2026-05-20 02:16:00
80,user,Me siento motivado pero cansado.,Medio,2026-02-15 02:00:00
80,assistant,Veo que la carga académica te preocupa. Vamos a crear un plan de organización.,Medio,2026-02-15 02:04:00
80,user,Me siento bien hoy.,Medio,2026-02-15 02:12:00
80,assistant,Veo que la carga académica te preocupa. Vamos a crear un plan de organización.,Medio,2026-02-15 02:03:00
80,user,Estoy preocupado por mis calificaciones.,Medio,2026-02-15 02:08:00
491,user,Me siento estresado con la carga de trabajo.,Medio,2026-02-01 20:00:00
491,assistant,Veo que la carga académica te preocupa. Vamos a crear un plan de organización.,Medio,2026-02-01 20:04:00
129,user,Me siento bien hoy.,Medio,2026-03-03 03:00:00
129,assistant,Noto que hay áreas que podrían mejorar. ¿Te gustaría hablar más sobre el estrés?,Medio,2026-03-03 03:01:00
129,user,¿Hay recursos de apoyo disponibles?,Medio,2026-03-03 03:10:00
286,user,¿Puedes darme consejos para manejar el estrés?,Medio,2026-03-05 03:00:00
286,assistant,Noto que hay áreas que podrían mejorar. ¿Te gustaría hablar más sobre el estrés?,Medio,2026-03-05 03:04:00
120,user,No he dormido bien esta semana.,Alto,2026-06-12 23:00:00
120,assistant,Tu nivel de estrés es preocupante. ¿Podemos hablar de lo que te está afectando?,Alto,2026-06-12 23:02:00
120,user,Me siento bien hoy.,Alto,2026-06-12 23:16:00
120,assistant,Estoy viendo indicadores altos de riesgo. Es importante que hables con un tutor.,Alto,2026-06-12 23:24:00
120,user,No he dormido bien esta semana.,Alto,2026-06-12 23:32:00
105,user,¿Hay recursos de apoyo disponibles?,Medio,2026-06-14 19:00:00
105,assistant,Veo que la carga académica te preocupa. Vamos a crear un plan de organización.,Medio,2026-06-14 19:07:00
105,user,No he dormido bien esta semana.,Medio,2026-06-14 19:16:00
105,assistant,Veo que la carga académica te preocupa. Vamos a crear un plan de organización.,Medio,2026-06-14 19:12:00
305,user,La carga académica es muy pesada.,Medio,2026-06-22 04:00:00
305,assistant,Veo que la carga académica te preocupa. Vamos a crear un plan de organización.,Medio,2026-06-22 04:05:00
256,user,La carga académica es muy pesada.,Medio,2026-04-10 00:00:00
256,assistant,Veo que la carga académica te preocupa. Vamos a crear un plan de organización.,Medio,2026-04-10 00:04:00
256,user,Necesito ayuda para organizarme.,Medio,2026-04-10 00:10:00
256,assistant,Veo que la carga académica te preocupa. Vamos a crear un plan de organización.,Medio,2026-04-10 00:15:00
324,user,Me siento motivado pero cansado.,Medio,2026-03-02 23:00:00
324,assistant,Noto que hay áreas que podrían mejorar. ¿Te gustaría hablar más sobre el estrés?,Medio,2026-03-02 23:02:00
324,user,Estoy preocupado por mis calificaciones.,Medio,2026-03-02 23:10:00
324,assistant,Noto que hay áreas que podrían mejorar. ¿Te gustaría hablar más sobre el estrés?,Medio,2026-03-02 23:24:00
324,user,Necesito ayuda para organizarme.,Medio,2026-03-02 23:12:00
103,user,Necesito ayuda para organizarme.,Medio,2026-03-15 19:00:00
103,assistant,Noto que hay áreas que podrían mejorar. ¿Te gustaría hablar más sobre el estrés?,Medio,2026-03-15 19:05:00
103,user,¿Hay recursos de apoyo disponibles?,Medio,2026-03-15 19:08:00
103,assistant,Veo que la carga académica te preocupa. Vamos a crear un plan de organización.,Medio,2026-03-15 19:09:00
169,user,¿Puedes darme consejos para manejar el estrés?,Alto,2026-04-27 04:00:00
169,assistant,Tu nivel de estrés es preocupante. ¿Podemos hablar de lo que te está afectando?,Alto,2026-04-27 04:08:00
169,user,¿Hay recursos de apoyo disponibles?,Alto,2026-04-27 04:14:00
403,user,Necesito ayuda para organizarme.,Medio,2026-03-14 20:00:00
403,assistant,Hay señales de alerta moderadas. Te recomiendo establecer una rutina de descanso.,Medio,2026-03-14 20:06:00
403,user,Necesito ayuda para organizarme.,Medio,2026-03-14 20:12:00
403,assistant,Hay señales de alerta moderadas. Te recomiendo establecer una rutina de descanso.,Medio,2026-03-14 20:15:00
221,user,Me siento estresado con la carga de trabajo.,Medio,2026-05-01 16:00:00
221,assistant,Hay señales de alerta moderadas. Te recomiendo establecer una rutina de descanso.,Medio,2026-05-01 16:03:00
221,user,Me siento motivado pero cansado.,Medio,2026-05-01 16:10:00
221,assistant,Noto que hay áreas que podrían mejorar. ¿Te gustaría hablar más sobre el estrés?,Medio,2026-05-01 16:12:00
221,user,Me siento bien hoy.,Medio,2026-05-01 16:20:00
154,user,Necesito ayuda para organizarme.,Medio,2026-01-21 21:00:00
154,assistant,Noto que hay áreas que podrían mejorar. ¿Te gustaría hablar más sobre el estrés?,Medio,2026-01-21 21:08:00
154,user,La carga académica es muy pesada.,Medio,2026-01-21 21:04:00
154,assistant,Noto que hay áreas que podrían mejorar. ¿Te gustaría hablar más sobre el estrés?,Medio,2026-01-21 21:12:00
154,user,¿Puedes darme consejos para manejar el estrés?,Medio,2026-01-21 21:24:00
374,user,Estoy preocupado por mis calificaciones.,Alto,2026-06-15 23:00:00
374,assistant,Estoy viendo indicadores altos de riesgo. Es importante que hables con un tutor.,Alto,2026-06-15 23:05:00
314,user,La carga académica es muy pesada.,Medio,2026-01-30 17:00:00
314,assistant,Hay señales de alerta moderadas. Te recomiendo establecer una rutina de descanso.,Medio,2026-01-30 17:05:00
314,user,No he dormido bien esta semana.,Medio,2026-01-30 17:16:00
314,assistant,Noto que hay áreas que podrían mejorar. ¿Te gustaría hablar más sobre el estrés?,Medio,2026-01-30 17:06:00
170,user,¿Hay recursos de apoyo disponibles?,Medio,2026-04-30 18:00:00
170,assistant,Veo que la carga académica te preocupa. Vamos a crear un plan de organización.,Medio,2026-04-30 18:02:00
170,user,Me siento motivado pero cansado.,Medio,2026-04-30 18:08:00
170,assistant,Hay señales de alerta moderadas. Te recomiendo establecer una rutina de descanso.,Medio,2026-04-30 18:15:00
289,user,Necesito ayuda para organizarme.,Medio,2026-03-31 03:00:00
289,assistant,Hay señales de alerta moderadas. Te recomiendo establecer una rutina de descanso.,Medio,2026-03-31 03:04:00
98,user,Necesito ayuda para organizarme.,Alto,2026-03-14 23:00:00
98,assistant,Recomiendo que busques apoyo con consejería estudiantil para evitar una crisis.,Alto,2026-03-14 23:05:00
98,user,La carga académica es muy pesada.,Alto,2026-03-14 23:02:00
98,assistant,Estoy viendo indicadores altos de riesgo. Es importante que hables con un tutor.,Alto,2026-03-14 23:06:00
332,user,Tengo problemas para concentrarme.,Medio,2026-04-27 04:00:00
332,assistant,Veo que la carga académica te preocupa. Vamos a crear un plan de organización.,Medio,2026-04-27 04:06:00
12,user,Tengo problemas para concentrarme.,Medio,2026-01-24 00:00:00
12,assistant,Hay señales de alerta moderadas. Te recomiendo establecer una rutina de descanso.,Medio,2026-01-24 00:06:00
12,user,No he dormido bien esta semana.,Medio,2026-01-24 00:04:00
12,assistant,Veo que la carga académica te preocupa. Vamos a crear un plan de organización.,Medio,2026-01-24 00:06:00
502,user,¿Hay recursos de apoyo disponibles?,Medio,2026-02-13 00:00:00
502,assistant,Veo que la carga académica te preocupa. Vamos a crear un plan de organización.,Medio,2026-02-13 00:04:00
388,user,Me siento motivado pero cansado.,Medio,2026-07-09 22:00:00
388,assistant,Veo que la carga académica te preocupa. Vamos a crear un plan de organización.,Medio,2026-07-09 22:06:00
388,user,No he dormido bien esta semana.,Medio,2026-07-09 22:06:00
388,assistant,Veo que la carga académica te preocupa. Vamos a crear un plan de organización.,Medio,2026-07-09 22:18:00
388,user,Me siento motivado pero cansado.,Medio,2026-07-09 22:28:00
459,user,Me siento estresado con la carga de trabajo.,Medio,2026-06-11 20:00:00
459,assistant,Noto que hay áreas que podrían mejorar. ¿Te gustaría hablar más sobre el estrés?,Medio,2026-06-11 20:06:00
459,user,Estoy preocupado por mis calificaciones.,Medio,2026-06-11 20:06:00
459,assistant,Hay señales de alerta moderadas. Te recomiendo establecer una rutina de descanso.,Medio,2026-06-11 20:12:00
459,user,¿Hay recursos de apoyo disponibles?,Medio,2026-06-11 20:24:00
276,user,¿Hay recursos de apoyo disponibles?,Medio,2026-07-04 19:00:00
276,assistant,Noto que hay áreas que podrían mejorar. ¿Te gustaría hablar más sobre el estrés?,Medio,2026-07-04 19:03:00
276,user,Me siento bien hoy.,Medio,2026-07-04 19:10:00
276,assistant,Noto que hay áreas que podrían mejorar. ¿Te gustaría hablar más sobre el estrés?,Medio,2026-07-04 19:06:00
17,user,Tengo problemas para concentrarme.,Alto,2026-01-26 04:00:00
17,assistant,Estoy viendo indicadores altos de riesgo. Es importante que hables con un tutor.,Alto,2026-01-26 04:06:00
17,user,Necesito ayuda para organizarme.,Alto,2026-01-26 04:08:00
340,user,Me siento bien hoy.,Medio,2026-04-02 18:00:00
340,assistant,Hay señales de alerta moderadas. Te recomiendo establecer una rutina de descanso.,Medio,2026-04-02 18:01:00
340,user,¿Puedes darme consejos para manejar el estrés?,Medio,2026-04-02 18:16:00
340,assistant,Noto que hay áreas que podrían mejorar. ¿Te gustaría hablar más sobre el estrés?,Medio,2026-04-02 18:21:00
17,user,Estoy preocupado por mis calificaciones.,Medio,2026-03-09 22:00:00
17,assistant,Noto que hay áreas que podrían mejorar. ¿Te gustaría hablar más sobre el estrés?,Medio,2026-03-09 22:07:00
17,user,¿Hay recursos de apoyo disponibles?,Medio,2026-03-09 22:04:00
17,assistant,Noto que hay áreas que podrían mejorar. ¿Te gustaría hablar más sobre el estrés?,Medio,2026-03-09 22:09:00
17,user,Tengo problemas para concentrarme.,Medio,2026-03-09 22:08:00
87,user,Necesito ayuda para organizarme.,Alto,2026-02-14 23:00:00
87,assistant,Estoy viendo indicadores altos de riesgo. Es importante que hables con un tutor.,Alto,2026-02-14 23:04:00
87,user,No he dormido bien esta semana.,Alto,2026-02-14 23:12:00
87,assistant,Tu nivel de estrés es preocupante. ¿Podemos hablar de lo que te está afectando?,Alto,2026-02-14 23:15:00
264,user,Estoy preocupado por mis calificaciones.,Medio,2026-05-11 16:00:00
264,assistant,Hay señales de alerta moderadas. Te recomiendo establecer una rutina de descanso.,Medio,2026-05-11 16:06:00
264,user,La carga académica es muy pesada.,Medio,2026-05-11 16:04:00
264,assistant,Hay señales de alerta moderadas. Te recomiendo establecer una rutina de descanso.,Medio,2026-05-11 16:15:00
264,user,Me siento bien hoy.,Medio,2026-05-11 16:08:00
337,user,La carga académica es muy pesada.,Alto,2026-04-24 23:00:00
337,assistant,Estoy viendo indicadores altos de riesgo. Es importante que hables con un tutor.,Alto,2026-04-24 23:03:00
437,user,¿Puedes darme consejos para manejar el estrés?,Medio,2026-06-08 16:00:00
437,assistant,Noto que hay áreas que podrían mejorar. ¿Te gustaría hablar más sobre el estrés?,Medio,2026-06-08 16:01:00
437,user,¿Hay recursos de apoyo disponibles?,Medio,2026-06-08 16:08:00
447,user,Estoy preocupado por mis calificaciones.,Medio,2026-03-31 21:00:00
447,assistant,Noto que hay áreas que podrían mejorar. ¿Te gustaría hablar más sobre el estrés?,Medio,2026-03-31 21:03:00
447,user,¿Puedes darme consejos para manejar el estrés?,Medio,2026-03-31 21:12:00
454,user,Me siento bien hoy.,Alto,2026-02-25 16:00:00
454,assistant,Tu nivel de estrés es preocupante. ¿Podemos hablar de lo que te está afectando?,Alto,2026-02-25 16:06:00
454,user,La carga académica es muy pesada.,Alto,2026-02-25 16:12:00
454,assistant,Estoy viendo indicadores altos de riesgo. Es importante que hables con un tutor.,Alto,2026-02-25 16:03:00
454,user,Necesito ayuda para organizarme.,Alto,2026-02-25 16:04:00
459,user,¿Hay recursos de apoyo disponibles?,Medio,2026-02-20 22:00:00
459,assistant,Noto que hay áreas que podrían mejorar. ¿Te gustaría hablar más sobre el estrés?,Medio,2026-02-20 22:02:00
459,user,Me siento estresado con la carga de trabajo.,Medio,2026-02-20 22:12:00
459,assistant,Noto que hay áreas que podrían mejorar. ¿Te gustaría hablar más sobre el estrés?,Medio,2026-02-20 22:06:00
459,user,Estoy preocupado por mis calificaciones.,Medio,2026-02-20 22:08:00
61,user,¿Puedes darme consejos para manejar el estrés?,Medio,2026-05-13 22:00:00
61,assistant,Hay señales de alerta moderadas. Te recomiendo establecer una rutina de descanso.,Medio,2026-05-13 22:08:00
61,user,Me siento motivado pero cansado.,Medio,2026-05-13 22:10:00
61,assistant,Noto que hay áreas que podrían mejorar. ¿Te gustaría hablar más sobre el estrés?,Medio,2026-05-13 22:18:00
61,user,Tengo problemas para concentrarme.,Medio,2026-05-13 22:24:00
493,user,¿Puedes darme consejos para manejar el estrés?,Medio,2026-02-08 23:00:00
493,assistant,Veo que la carga académica te preocupa. Vamos a crear un plan de organización.,Medio,2026-02-08 23:03:00
493,user,¿Puedes darme consejos para manejar el estrés?,Medio,2026-02-08 23:08:00
341,user,La carga académica es muy pesada.,Alto,2026-02-09 03:00:00
341,assistant,Estoy viendo indicadores altos de riesgo. Es importante que hables con un tutor.,Alto,2026-02-09 03:04:00
341,user,La carga académica es muy pesada.,Alto,2026-02-09 03:06:00
341,assistant,Recomiendo que busques apoyo con consejería estudiantil para evitar una crisis.,Alto,2026-02-09 03:15:00
341,user,Necesito ayuda para organizarme.,Alto,2026-02-09 03:32:00
346,user,¿Puedes darme consejos para manejar el estrés?,Alto,2026-05-28 01:00:00
346,assistant,Tu nivel de estrés es preocupante. ¿Podemos hablar de lo que te está afectando?,Alto,2026-05-28 01:06:00
346,user,¿Puedes darme consejos para manejar el estrés?,Alto,2026-05-28 01:02:00
346,assistant,Recomiendo que busques apoyo con consejería estudiantil para evitar una crisis.,Alto,2026-05-28 01:21:00
327,user,Me siento bien hoy.,Medio,2026-03-06 18:00:00
327,assistant,Hay señales de alerta moderadas. Te recomiendo establecer una rutina de descanso.,Medio,2026-03-06 18:06:00
9,user,Me siento motivado pero cansado.,Medio,2026-05-18 21:00:00
9,assistant,Hay señales de alerta moderadas. Te recomiendo establecer una rutina de descanso.,Medio,2026-05-18 21:05:00
9,user,Tengo problemas para concentrarme.,Medio,2026-05-18 21:16:00
9,assistant,Noto que hay áreas que podrían mejorar. ¿Te gustaría hablar más sobre el estrés?,Medio,2026-05-18 21:15:00
9,user,Tengo problemas para concentrarme.,Medio,2026-05-18 21:24:00
176,user,Tengo problemas para concentrarme.,Medio,2026-03-03 20:00:00
176,assistant,Veo que la carga académica te preocupa. Vamos a crear un plan de organización.,Medio,2026-03-03 20:02:00
176,user,Necesito ayuda para organizarme.,Medio,2026-03-03 20:10:00
176,assistant,Noto que hay áreas que podrían mejorar. ¿Te gustaría hablar más sobre el estrés?,Medio,2026-03-03 20:18:00
176,user,Estoy preocupado por mis calificaciones.,Medio,2026-03-03 20:04:00
497,user,No he dormido bien esta semana.,Alto,2026-02-08 19:00:00
497,assistant,Recomiendo que busques apoyo con consejería estudiantil para evitar una crisis.,Alto,2026-02-08 19:05:00
497,user,¿Puedes darme consejos para manejar el estrés?,Alto,2026-02-08 19:12:00
497,assistant,Tu nivel de estrés es preocupante. ¿Podemos hablar de lo que te está afectando?,Alto,2026-02-08 19:24:00
497,user,Estoy preocupado por mis calificaciones.,Alto,2026-02-08 19:08:00
498,user,¿Puedes darme consejos para manejar el estrés?,Medio,2026-05-24 18:00:00
498,assistant,Noto que hay áreas que podrían mejorar. ¿Te gustaría hablar más sobre el estrés?,Medio,2026-05-24 18:04:00
498,user,Necesito ayuda para organizarme.,Medio,2026-05-24 18:06:00
292,user,Tengo problemas para concentrarme.,Medio,2026-05-29 16:00:00
292,assistant,Veo que la carga académica te preocupa. Vamos a crear un plan de organización.,Medio,2026-05-29 16:03:00
292,user,Necesito ayuda para organizarme.,Medio,2026-05-29 16:06:00
292,assistant,Noto que hay áreas que podrían mejorar. ¿Te gustaría hablar más sobre el estrés?,Medio,2026-05-29 16:09:00
329,user,Tengo problemas para concentrarme.,Medio,2026-06-22 19:00:00
329,assistant,Noto que hay áreas que podrían mejorar. ¿Te gustaría hablar más sobre el estrés?,Medio,2026-06-22 19:05:00
329,user,Me siento estresado con la carga de trabajo.,Medio,2026-06-22 19:14:00
155,user,Necesito ayuda para organizarme.,Medio,2026-05-28 22:00:00
155,assistant,Veo que la carga académica te preocupa. Vamos a crear un plan de organización.,Medio,2026-05-28 22:05:00
155,user,Me siento estresado con la carga de trabajo.,Medio,2026-05-28 22:04:00
155,assistant,Hay señales de alerta moderadas. Te recomiendo establecer una rutina de descanso.,Medio,2026-05-28 22:15:00
155,user,Me siento bien hoy.,Medio,2026-05-28 22:08:00
34,user,¿Puedes darme consejos para manejar el estrés?,Alto,2026-02-19 18:00:00
34,assistant,Tu nivel de estrés es preocupante. ¿Podemos hablar de lo que te está afectando?,Alto,2026-02-19 18:03:00
34,user,Estoy preocupado por mis calificaciones.,Alto,2026-02-19 18:14:00
34,assistant,Recomiendo que busques apoyo con consejería estudiantil para evitar una crisis.,Alto,2026-02-19 18:12:00
34,user,Me siento bien hoy.,Alto,2026-02-19 18:24:00
40,user,¿Hay recursos de apoyo disponibles?,Medio,2026-03-26 18:00:00
40,assistant,Noto que hay áreas que podrían mejorar. ¿Te gustaría hablar más sobre el estrés?,Medio,2026-03-26 18:08:00
76,user,Tengo problemas para concentrarme.,Medio,2026-04-08 16:00:00
76,assistant,Veo que la carga académica te preocupa. Vamos a crear un plan de organización.,Medio,2026-04-08 16:08:00
76,user,Me siento bien hoy.,Medio,2026-04-08 16:16:00
76,assistant,Hay señales de alerta moderadas. Te recomiendo establecer una rutina de descanso.,Medio,2026-04-08 16:06:00
281,user,La carga académica es muy pesada.,Medio,2026-05-11 18:00:00
281,assistant,Hay señales de alerta moderadas. Te recomiendo establecer una rutina de descanso.,Medio,2026-05-11 18:05:00
281,user,No he dormido bien esta semana.,Medio,2026-05-11 18:16:00
281,assistant,Hay señales de alerta moderadas. Te recomiendo establecer una rutina de descanso.,Medio,2026-05-11 18:09:00
452,user,No he dormido bien esta semana.,Medio,2026-05-20 04:00:00
452,assistant,Noto que hay áreas que podrían mejorar. ¿Te gustaría hablar más sobre el estrés?,Medio,2026-05-20 04:08:00
432,user,La carga académica es muy pesada.,Medio,2026-05-05 22:00:00
432,assistant,Hay señales de alerta moderadas. Te recomiendo establecer una rutina de descanso.,Medio,2026-05-05 22:06:00
218,user,Me siento motivado pero cansado.,Medio,2026-03-20 21:00:00
218,assistant,Veo que la carga académica te preocupa. Vamos a crear un plan de organización.,Medio,2026-03-20 21:08:00
117,user,Tengo problemas para concentrarme.,Medio,2026-07-04 20:00:00
117,assistant,Veo que la carga académica te preocupa. Vamos a crear un plan de organización.,Medio,2026-07-04 20:07:00
117,user,Me siento estresado con la carga de trabajo.,Medio,2026-07-04 20:04:00
117,assistant,Veo que la carga académica te preocupa. Vamos a crear un plan de organización.,Medio,2026-07-04 20:06:00
117,user,¿Hay recursos de apoyo disponibles?,Medio,2026-07-04 20:08:00
64,user,Estoy preocupado por mis calificaciones.,Medio,2026-03-17 21:00:00
64,assistant,Hay señales de alerta moderadas. Te recomiendo establecer una rutina de descanso.,Medio,2026-03-17 21:08:00
64,user,Me siento motivado pero cansado.,Medio,2026-03-17 21:02:00
64,assistant,Hay señales de alerta moderadas. Te recomiendo establecer una rutina de descanso.,Medio,2026-03-17 21:21:00
64,user,Me siento estresado con la carga de trabajo.,Medio,2026-03-17 21:16:00
294,user,Me siento estresado con la carga de trabajo.,Medio,2026-06-25 21:00:00
294,assistant,Hay señales de alerta moderadas. Te recomiendo establecer una rutina de descanso.,Medio,2026-06-25 21:06:00
294,user,Necesito ayuda para organizarme.,Medio,2026-06-25 21:12:00
294,assistant,Noto que hay áreas que podrían mejorar. ¿Te gustaría hablar más sobre el estrés?,Medio,2026-06-25 21:15:00
294,user,Me siento motivado pero cansado.,Medio,2026-06-25 21:04:00
170,user,Me siento bien hoy.,Medio,2026-06-26 20:00:00
170,assistant,Veo que la carga académica te preocupa. Vamos a crear un plan de organización.,Medio,2026-06-26 20:07:00
170,user,Necesito ayuda para organizarme.,Medio,2026-06-26 20:06:00
436,user,Necesito ayuda para organizarme.,Medio,2026-02-06 21:00:00
436,assistant,Noto que hay áreas que podrían mejorar. ¿Te gustaría hablar más sobre el estrés?,Medio,2026-02-06 21:02:00
436,user,Estoy preocupado por mis calificaciones.,Medio,2026-02-06 21:12:00
322,user,Me siento motivado pero cansado.,Medio,2026-03-04 04:00:00
322,assistant,Hay señales de alerta moderadas. Te recomiendo establecer una rutina de descanso.,Medio,2026-03-04 04:08:00
322,user,Necesito ayuda para organizarme.,Medio,2026-03-04 04:06:00
322,assistant,Noto que hay áreas que podrían mejorar. ¿Te gustaría hablar más sobre el estrés?,Medio,2026-03-04 04:18:00
12,user,Tengo problemas para concentrarme.,Medio,2026-06-12 20:00:00
12,assistant,Hay señales de alerta moderadas. Te recomiendo establecer una rutina de descanso.,Medio,2026-06-12 20:02:00
12,user,Me siento bien hoy.,Medio,2026-06-12 20:04:00
12,assistant,Noto que hay áreas que podrían mejorar. ¿Te gustaría hablar más sobre el estrés?,Medio,2026-06-12 20:21:00
440,user,Estoy preocupado por mis calificaciones.,Medio,2026-04-13 00:00:00
440,assistant,Veo que la carga académica te preocupa. Vamos a crear un plan de organización.,Medio,2026-04-13 00:05:00
440,user,¿Hay recursos de apoyo disponibles?,Medio,2026-04-13 00:04:00
169,user,La carga académica es muy pesada.,Medio,2026-05-08 16:00:00
169,assistant,Hay señales de alerta moderadas. Te recomiendo establecer una rutina de descanso.,Medio,2026-05-08 16:04:00
169,user,Me siento bien hoy.,Medio,2026-05-08 16:08:00
452,user,La carga académica es muy pesada.,Medio,2026-06-30 04:00:00
452,assistant,Noto que hay áreas que podrían mejorar. ¿Te gustaría hablar más sobre el estrés?,Medio,2026-06-30 04:08:00
433,user,Estoy preocupado por mis calificaciones.,Medio,2026-06-07 00:00:00
433,assistant,Veo que la carga académica te preocupa. Vamos a crear un plan de organización.,Medio,2026-06-07 00:07:00
433,user,¿Hay recursos de apoyo disponibles?,Medio,2026-06-07 00:14:00
386,user,Estoy preocupado por mis calificaciones.,Alto,2026-04-19 04:00:00
386,assistant,Tu nivel de estrés es preocupante. ¿Podemos hablar de lo que te está afectando?,Alto,2026-04-19 04:04:00
386,user,Necesito ayuda para organizarme.,Alto,2026-04-19 04:12:00
386,assistant,Estoy viendo indicadores altos de riesgo. Es importante que hables con un tutor.,Alto,2026-04-19 04:09:00
168,user,No he dormido bien esta semana.,Medio,2026-07-13 19:00:00
168,assistant,Veo que la carga académica te preocupa. Vamos a crear un plan de organización.,Medio,2026-07-13 19:06:00
168,user,No he dormido bien esta semana.,Medio,2026-07-13 19:08:00
372,user,Me siento motivado pero cansado.,Medio,2026-07-14 02:00:00
372,assistant,Veo que la carga académica te preocupa. Vamos a crear un plan de organización.,Medio,2026-07-14 02:01:00
372,user,Me siento motivado pero cansado.,Medio,2026-07-14 02:16:00
258,user,Tengo problemas para concentrarme.,Medio,2026-01-31 18:00:00
258,assistant,Hay señales de alerta moderadas. Te recomiendo establecer una rutina de descanso.,Medio,2026-01-31 18:08:00
258,user,¿Puedes darme consejos para manejar el estrés?,Medio,2026-01-31 18:04:00
258,assistant,Veo que la carga académica te preocupa. Vamos a crear un plan de organización.,Medio,2026-01-31 18:18:00
258,user,No he dormido bien esta semana.,Medio,2026-01-31 18:20:00
295,user,¿Puedes darme consejos para manejar el estrés?,Medio,2026-01-23 03:00:00
295,assistant,Noto que hay áreas que podrían mejorar. ¿Te gustaría hablar más sobre el estrés?,Medio,2026-01-23 03:08:00
295,user,La carga académica es muy pesada.,Medio,2026-01-23 03:10:00
295,assistant,Hay señales de alerta moderadas. Te recomiendo establecer una rutina de descanso.,Medio,2026-01-23 03:12:00
295,user,¿Hay recursos de apoyo disponibles?,Medio,2026-01-23 03:28:00
77,user,¿Hay recursos de apoyo disponibles?,Medio,2026-07-09 01:00:00
77,assistant,Veo que la carga académica te preocupa. Vamos a crear un plan de organización.,Medio,2026-07-09 01:06:00
304,user,Tengo problemas para concentrarme.,Alto,2026-02-03 01:00:00
304,assistant,Recomiendo que busques apoyo con consejería estudiantil para evitar una crisis.,Alto,2026-02-03 01:03:00
379,user,¿Puedes darme consejos para manejar el estrés?,Medio,2026-06-18 04:00:00
379,assistant,Veo que la carga académica te preocupa. Vamos a crear un plan de organización.,Medio,2026-06-18 04:08:00
379,user,No he dormido bien esta semana.,Medio,2026-06-18 04:12:00
49,user,Estoy preocupado por mis calificaciones.,Alto,2026-04-29 01:00:00
49,assistant,Recomiendo que busques apoyo con consejería estudiantil para evitar una crisis.,Alto,2026-04-29 01:08:00
49,user,¿Puedes darme consejos para manejar el estrés?,Alto,2026-04-29 01:12:00
49,assistant,Estoy viendo indicadores altos de riesgo. Es importante que hables con un tutor.,Alto,2026-04-29 01:06:00
49,user,La carga académica es muy pesada.,Alto,2026-04-29 01:24:00
94,user,Estoy preocupado por mis calificaciones.,Medio,2026-03-20 23:00:00
94,assistant,Noto que hay áreas que podrían mejorar. ¿Te gustaría hablar más sobre el estrés?,Medio,2026-03-20 23:06:00
94,user,No he dormido bien esta semana.,Medio,2026-03-20 23:12:00
94,assistant,Hay señales de alerta moderadas. Te recomiendo establecer una rutina de descanso.,Medio,2026-03-20 23:06:00
272,user,Necesito ayuda para organizarme.,Medio,2026-06-19 16:00:00
272,assistant,Noto que hay áreas que podrían mejorar. ¿Te gustaría hablar más sobre el estrés?,Medio,2026-06-19 16:01:00
497,user,Estoy preocupado por mis calificaciones.,Alto,2026-01-18 16:00:00
497,assistant,Estoy viendo indicadores altos de riesgo. Es importante que hables con un tutor.,Alto,2026-01-18 16:06:00
497,user,No he dormido bien esta semana.,Alto,2026-01-18 16:06:00
497,assistant,Estoy viendo indicadores altos de riesgo. Es importante que hables con un tutor.,Alto,2026-01-18 16:24:00
97,user,¿Hay recursos de apoyo disponibles?,Medio,2026-04-13 17:00:00
97,assistant,Veo que la carga académica te preocupa. Vamos a crear un plan de organización.,Medio,2026-04-13 17:03:00
97,user,Me siento motivado pero cansado.,Medio,2026-04-13 17:06:00
263,user,La carga académica es muy pesada.,Medio,2026-05-08 16:00:00
263,assistant,Noto que hay áreas que podrían mejorar. ¿Te gustaría hablar más sobre el estrés?,Medio,2026-05-08 16:06:00
353,user,Me siento motivado pero cansado.,Alto,2026-05-27 18:00:00
353,assistant,Recomiendo que busques apoyo con consejería estudiantil para evitar una crisis.,Alto,2026-05-27 18:03:00
317,user,Me siento motivado pero cansado.,Medio,2026-05-12 02:00:00
317,assistant,Veo que la carga académica te preocupa. Vamos a crear un plan de organización.,Medio,2026-05-12 02:02:00
317,user,Necesito ayuda para organizarme.,Medio,2026-05-12 02:08:00
317,assistant,Hay señales de alerta moderadas. Te recomiendo establecer una rutina de descanso.,Medio,2026-05-12 02:09:00
317,user,Me siento bien hoy.,Medio,2026-05-12 02:32:00
100,user,¿Hay recursos de apoyo disponibles?,Medio,2026-01-25 21:00:00
100,assistant,Veo que la carga académica te preocupa. Vamos a crear un plan de organización.,Medio,2026-01-25 21:02:00
100,user,Necesito ayuda para organizarme.,Medio,2026-01-25 21:14:00
100,assistant,Veo que la carga académica te preocupa. Vamos a crear un plan de organización.,Medio,2026-01-25 21:12:00
100,user,La carga académica es muy pesada.,Medio,2026-01-25 21:24:00
73,user,Estoy preocupado por mis calificaciones.,Medio,2026-03-06 20:00:00
73,assistant,Hay señales de alerta moderadas. Te recomiendo establecer una rutina de descanso.,Medio,2026-03-06 20:02:00
73,user,Me siento motivado pero cansado.,Medio,2026-03-06 20:02:00
73,assistant,Hay señales de alerta moderadas. Te recomiendo establecer una rutina de descanso.,Medio,2026-03-06 20:06:00
73,user,Necesito ayuda para organizarme.,Medio,2026-03-06 20:32:00
316,user,Me siento estresado con la carga de trabajo.,Alto,2026-05-23 04:00:00
316,assistant,Estoy viendo indicadores altos de riesgo. Es importante que hables con un tutor.,Alto,2026-05-23 04:02:00
316,user,La carga académica es muy pesada.,Alto,2026-05-23 04:06:00
316,assistant,Recomiendo que busques apoyo con consejería estudiantil para evitar una crisis.,Alto,2026-05-23 04:18:00
382,user,Me siento bien hoy.,Medio,2026-01-22 16:00:00
382,assistant,Veo que la carga académica te preocupa. Vamos a crear un plan de organización.,Medio,2026-01-22 16:01:00
382,user,Estoy preocupado por mis calificaciones.,Medio,2026-01-22 16:06:00
382,assistant,Veo que la carga académica te preocupa. Vamos a crear un plan de organización.,Medio,2026-01-22 16:18:00
382,user,Me siento estresado con la carga de trabajo.,Medio,2026-01-22 16:16:00
54,user,No he dormido bien esta semana.,Alto,2026-03-03 19:00:00
54,assistant,Tu nivel de estrés es preocupante. ¿Podemos hablar de lo que te está afectando?,Alto,2026-03-03 19:04:00
54,user,¿Hay recursos de apoyo disponibles?,Alto,2026-03-03 19:02:00
54,assistant,Estoy viendo indicadores altos de riesgo. Es importante que hables con un tutor.,Alto,2026-03-03 19:21:00
109,user,Necesito ayuda para organizarme.,Medio,2026-02-13 20:00:00
109,assistant,Hay señales de alerta moderadas. Te recomiendo establecer una rutina de descanso.,Medio,2026-02-13 20:04:00
109,user,Necesito ayuda para organizarme.,Medio,2026-02-13 20:14:00
26,user,Estoy preocupado por mis calificaciones.,Alto,2026-06-17 19:00:00
26,assistant,Estoy viendo indicadores altos de riesgo. Es importante que hables con un tutor.,Alto,2026-06-17 19:05:00
26,user,Estoy preocupado por mis calificaciones.,Alto,2026-06-17 19:02:00
26,assistant,Tu nivel de estrés es preocupante. ¿Podemos hablar de lo que te está afectando?,Alto,2026-06-17 19:21:00
197,user,Estoy preocupado por mis calificaciones.,Medio,2026-03-05 04:00:00
197,assistant,Veo que la carga académica te preocupa. Vamos a crear un plan de organización.,Medio,2026-03-05 04:08:00
69,user,No he dormido bien esta semana.,Alto,2026-03-13 17:00:00
69,assistant,Tu nivel de estrés es preocupante. ¿Podemos hablar de lo que te está afectando?,Alto,2026-03-13 17:02:00
97,user,La carga académica es muy pesada.,Medio,2026-02-27 03:00:00
97,assistant,Hay señales de alerta moderadas. Te recomiendo establecer una rutina de descanso.,Medio,2026-02-27 03:05:00
97,user,No he dormido bien esta semana.,Medio,2026-02-27 03:04:00
97,assistant,Hay señales de alerta moderadas. Te recomiendo establecer una rutina de descanso.,Medio,2026-02-27 03:12:00
97,user,No he dormido bien esta semana.,Medio,2026-02-27 03:32:00
106,user,Me siento bien hoy.,Medio,2026-01-24 23:00:00
106,assistant,Hay señales de alerta moderadas. Te recomiendo establecer una rutina de descanso.,Medio,2026-01-24 23:03:00
46,user,Me siento motivado pero cansado.,Medio,2026-02-01 19:00:00
46,assistant,Hay señales de alerta moderadas. Te recomiendo establecer una rutina de descanso.,Medio,2026-02-01 19:01:00
46,user,Tengo problemas para concentrarme.,Medio,2026-02-01 19:08:00
46,assistant,Noto que hay áreas que podrían mejorar. ¿Te gustaría hablar más sobre el estrés?,Medio,2026-02-01 19:18:00
26,user,¿Puedes darme consejos para manejar el estrés?,Bajo,2026-02-23 21:00:00
26,assistant,Me alegra ver que todo va bien. Recuerda tomar descansos periódicos.,Bajo,2026-02-23 21:04:00
26,user,Me siento estresado con la carga de trabajo.,Bajo,2026-02-23 21:14:00
26,assistant,Me alegra ver que todo va bien. Recuerda tomar descansos periódicos.,Bajo,2026-02-23 21:09:00
488,user,Necesito ayuda para organizarme.,Medio,2026-01-31 19:00:00
488,assistant,Noto que hay áreas que podrían mejorar. ¿Te gustaría hablar más sobre el estrés?,Medio,2026-01-31 19:08:00
488,user,No he dormido bien esta semana.,Medio,2026-01-31 19:08:00
312,user,Me siento estresado con la carga de trabajo.,Medio,2026-06-06 18:00:00
312,assistant,Veo que la carga académica te preocupa. Vamos a crear un plan de organización.,Medio,2026-06-06 18:02:00
312,user,Estoy preocupado por mis calificaciones.,Medio,2026-06-06 18:02:00
312,assistant,Veo que la carga académica te preocupa. Vamos a crear un plan de organización.,Medio,2026-06-06 18:09:00
374,user,Me siento bien hoy.,Medio,2026-04-19 16:00:00
374,assistant,Hay señales de alerta moderadas. Te recomiendo establecer una rutina de descanso.,Medio,2026-04-19 16:01:00
292,user,Me siento estresado con la carga de trabajo.,Medio,2026-04-25 04:00:00
292,assistant,Noto que hay áreas que podrían mejorar. ¿Te gustaría hablar más sobre el estrés?,Medio,2026-04-25 04:08:00
292,user,¿Hay recursos de apoyo disponibles?,Medio,2026-04-25 04:14:00
148,user,Me siento motivado pero cansado.,Medio,2026-04-24 23:00:00
148,assistant,Hay señales de alerta moderadas. Te recomiendo establecer una rutina de descanso.,Medio,2026-04-24 23:08:00
148,user,Me siento motivado pero cansado.,Medio,2026-04-24 23:06:00
236,user,Estoy preocupado por mis calificaciones.,Medio,2026-04-17 19:00:00
236,assistant,Noto que hay áreas que podrían mejorar. ¿Te gustaría hablar más sobre el estrés?,Medio,2026-04-17 19:06:00
236,user,Me siento estresado con la carga de trabajo.,Medio,2026-04-17 19:14:00
416,user,Tengo problemas para concentrarme.,Alto,2026-01-25 23:00:00
416,assistant,Tu nivel de estrés es preocupante. ¿Podemos hablar de lo que te está afectando?,Alto,2026-01-25 23:03:00
416,user,Necesito ayuda para organizarme.,Alto,2026-01-25 23:08:00
416,assistant,Tu nivel de estrés es preocupante. ¿Podemos hablar de lo que te está afectando?,Alto,2026-01-25 23:21:00
416,user,Estoy preocupado por mis calificaciones.,Alto,2026-01-25 23:32:00
379,user,Estoy preocupado por mis calificaciones.,Medio,2026-04-24 23:00:00
379,assistant,Veo que la carga académica te preocupa. Vamos a crear un plan de organización.,Medio,2026-04-24 23:04:00
379,user,Me siento bien hoy.,Medio,2026-04-24 23:08:00
379,assistant,Veo que la carga académica te preocupa. Vamos a crear un plan de organización.,Medio,2026-04-24 23:12:00
295,user,Tengo problemas para concentrarme.,Medio,2026-07-03 04:00:00
295,assistant,Hay señales de alerta moderadas. Te recomiendo establecer una rutina de descanso.,Medio,2026-07-03 04:05:00
295,user,Me siento bien hoy.,Medio,2026-07-03 04:14:00
295,assistant,Noto que hay áreas que podrían mejorar. ¿Te gustaría hablar más sobre el estrés?,Medio,2026-07-03 04:24:00
295,user,No he dormido bien esta semana.,Medio,2026-07-03 04:32:00
157,user,Me siento bien hoy.,Alto,2026-06-23 22:00:00
157,assistant,Tu nivel de estrés es preocupante. ¿Podemos hablar de lo que te está afectando?,Alto,2026-06-23 22:03:00
341,user,Me siento estresado con la carga de trabajo.,Medio,2026-05-27 22:00:00
341,assistant,Hay señales de alerta moderadas. Te recomiendo establecer una rutina de descanso.,Medio,2026-05-27 22:03:00
341,user,La carga académica es muy pesada.,Medio,2026-05-27 22:06:00
341,assistant,Veo que la carga académica te preocupa. Vamos a crear un plan de organización.,Medio,2026-05-27 22:21:00
341,user,¿Hay recursos de apoyo disponibles?,Medio,2026-05-27 22:16:00
81,user,Me siento motivado pero cansado.,Medio,2026-05-14 19:00:00
81,assistant,Veo que la carga académica te preocupa. Vamos a crear un plan de organización.,Medio,2026-05-14 19:01:00
81,user,No he dormido bien esta semana.,Medio,2026-05-14 19:04:00
47,user,Necesito ayuda para organizarme.,Medio,2026-01-28 21:00:00
47,assistant,Veo que la carga académica te preocupa. Vamos a crear un plan de organización.,Medio,2026-01-28 21:03:00
47,user,Me siento bien hoy.,Medio,2026-01-28 21:10:00
47,assistant,Noto que hay áreas que podrían mejorar. ¿Te gustaría hablar más sobre el estrés?,Medio,2026-01-28 21:18:00
323,user,La carga académica es muy pesada.,Medio,2026-06-13 23:00:00
323,assistant,Noto que hay áreas que podrían mejorar. ¿Te gustaría hablar más sobre el estrés?,Medio,2026-06-13 23:03:00
323,user,¿Puedes darme consejos para manejar el estrés?,Medio,2026-06-13 23:06:00
216,user,La carga académica es muy pesada.,Medio,2026-06-22 22:00:00
216,assistant,Noto que hay áreas que podrían mejorar. ¿Te gustaría hablar más sobre el estrés?,Medio,2026-06-22 22:03:00
216,user,Me siento motivado pero cansado.,Medio,2026-06-22 22:04:00
216,assistant,Noto que hay áreas que podrían mejorar. ¿Te gustaría hablar más sobre el estrés?,Medio,2026-06-22 22:09:00
216,user,Estoy preocupado por mis calificaciones.,Medio,2026-06-22 22:32:00
198,user,Me siento motivado pero cansado.,Medio,2026-01-21 01:00:00
198,assistant,Hay señales de alerta moderadas. Te recomiendo establecer una rutina de descanso.,Medio,2026-01-21 01:01:00
198,user,Me siento motivado pero cansado.,Medio,2026-01-21 01:12:00
198,assistant,Hay señales de alerta moderadas. Te recomiendo establecer una rutina de descanso.,Medio,2026-01-21 01:06:00
457,user,¿Puedes darme consejos para manejar el estrés?,Medio,2026-03-01 18:00:00
457,assistant,Veo que la carga académica te preocupa. Vamos a crear un plan de organización.,Medio,2026-03-01 18:04:00
457,user,Necesito ayuda para organizarme.,Medio,2026-03-01 18:10:00
457,assistant,Veo que la carga académica te preocupa. Vamos a crear un plan de organización.,Medio,2026-03-01 18:06:00
457,user,Necesito ayuda para organizarme.,Medio,2026-03-01 18:32:00
12,user,La carga académica es muy pesada.,Medio,2026-06-15 22:00:00
12,assistant,Veo que la carga académica te preocupa. Vamos a crear un plan de organización.,Medio,2026-06-15 22:05:00
12,user,Tengo problemas para concentrarme.,Medio,2026-06-15 22:02:00
12,assistant,Hay señales de alerta moderadas. Te recomiendo establecer una rutina de descanso.,Medio,2026-06-15 22:18:00
467,user,La carga académica es muy pesada.,Alto,2026-06-30 19:00:00
467,assistant,Tu nivel de estrés es preocupante. ¿Podemos hablar de lo que te está afectando?,Alto,2026-06-30 19:06:00
467,user,Me siento estresado con la carga de trabajo.,Alto,2026-06-30 19:10:00
467,assistant,Recomiendo que busques apoyo con consejería estudiantil para evitar una crisis.,Alto,2026-06-30 19:24:00
341,user,¿Hay recursos de apoyo disponibles?,Medio,2026-06-05 16:00:00
341,assistant,Hay señales de alerta moderadas. Te recomiendo establecer una rutina de descanso.,Medio,2026-06-05 16:07:00
106,user,Estoy preocupado por mis calificaciones.,Medio,2026-04-22 22:00:00
106,assistant,Hay señales de alerta moderadas. Te recomiendo establecer una rutina de descanso.,Medio,2026-04-22 22:07:00
106,user,Estoy preocupado por mis calificaciones.,Medio,2026-04-22 22:12:00
106,assistant,Noto que hay áreas que podrían mejorar. ¿Te gustaría hablar más sobre el estrés?,Medio,2026-04-22 22:18:00
372,user,Me siento motivado pero cansado.,Medio,2026-03-05 23:00:00
372,assistant,Veo que la carga académica te preocupa. Vamos a crear un plan de organización.,Medio,2026-03-05 23:06:00
445,user,Me siento bien hoy.,Medio,2026-02-13 16:00:00
445,assistant,Noto que hay áreas que podrían mejorar. ¿Te gustaría hablar más sobre el estrés?,Medio,2026-02-13 16:06:00
37,user,No he dormido bien esta semana.,Alto,2026-03-17 04:00:00
37,assistant,Recomiendo que busques apoyo con consejería estudiantil para evitar una crisis.,Alto,2026-03-17 04:01:00
381,user,¿Hay recursos de apoyo disponibles?,Alto,2026-06-22 17:00:00
381,assistant,Recomiendo que busques apoyo con consejería estudiantil para evitar una crisis.,Alto,2026-06-22 17:06:00
381,user,No he dormido bien esta semana.,Alto,2026-06-22 17:04:00
32,user,No he dormido bien esta semana.,Medio,2026-03-08 03:00:00
32,assistant,Noto que hay áreas que podrían mejorar. ¿Te gustaría hablar más sobre el estrés?,Medio,2026-03-08 03:07:00
32,user,Me siento bien hoy.,Medio,2026-03-08 03:08:00
29,user,Me siento motivado pero cansado.,Medio,2026-04-24 21:00:00
29,assistant,Veo que la carga académica te preocupa. Vamos a crear un plan de organización.,Medio,2026-04-24 21:08:00
29,user,¿Hay recursos de apoyo disponibles?,Medio,2026-04-24 21:06:00
244,user,Me siento motivado pero cansado.,Alto,2026-07-08 01:00:00
244,assistant,Recomiendo que busques apoyo con consejería estudiantil para evitar una crisis.,Alto,2026-07-08 01:01:00
44,user,No he dormido bien esta semana.,Medio,2026-03-06 20:00:00
44,assistant,Noto que hay áreas que podrían mejorar. ¿Te gustaría hablar más sobre el estrés?,Medio,2026-03-06 20:03:00
44,user,Necesito ayuda para organizarme.,Medio,2026-03-06 20:08:00
87,user,Me siento bien hoy.,Medio,2026-06-15 20:00:00
87,assistant,Hay señales de alerta moderadas. Te recomiendo establecer una rutina de descanso.,Medio,2026-06-15 20:06:00
87,user,Me siento bien hoy.,Medio,2026-06-15 20:02:00
87,assistant,Veo que la carga académica te preocupa. Vamos a crear un plan de organización.,Medio,2026-06-15 20:15:00
148,user,Me siento estresado con la carga de trabajo.,Medio,2026-01-31 16:00:00
148,assistant,Noto que hay áreas que podrían mejorar. ¿Te gustaría hablar más sobre el estrés?,Medio,2026-01-31 16:08:00
148,user,Me siento estresado con la carga de trabajo.,Medio,2026-01-31 16:04:00
148,assistant,Hay señales de alerta moderadas. Te recomiendo establecer una rutina de descanso.,Medio,2026-01-31 16:18:00
361,user,Me siento motivado pero cansado.,Medio,2026-07-07 17:00:00
361,assistant,Veo que la carga académica te preocupa. Vamos a crear un plan de organización.,Medio,2026-07-07 17:08:00
361,user,Necesito ayuda para organizarme.,Medio,2026-07-07 17:16:00
361,assistant,Hay señales de alerta moderadas. Te recomiendo establecer una rutina de descanso.,Medio,2026-07-07 17:24:00
164,user,Necesito ayuda para organizarme.,Medio,2026-03-04 19:00:00
164,assistant,Hay señales de alerta moderadas. Te recomiendo establecer una rutina de descanso.,Medio,2026-03-04 19:08:00
170,user,Me siento motivado pero cansado.,Medio,2026-04-28 23:00:00
170,assistant,Noto que hay áreas que podrían mejorar. ¿Te gustaría hablar más sobre el estrés?,Medio,2026-04-28 23:07:00
170,user,Estoy preocupado por mis calificaciones.,Medio,2026-04-28 23:02:00
170,assistant,Noto que hay áreas que podrían mejorar. ¿Te gustaría hablar más sobre el estrés?,Medio,2026-04-28 23:18:00
170,user,Estoy preocupado por mis calificaciones.,Medio,2026-04-28 23:12:00
208,user,¿Puedes darme consejos para manejar el estrés?,Medio,2026-05-07 04:00:00
208,assistant,Noto que hay áreas que podrían mejorar. ¿Te gustaría hablar más sobre el estrés?,Medio,2026-05-07 04:02:00
208,user,Me siento estresado con la carga de trabajo.,Medio,2026-05-07 04:14:00
245,user,¿Puedes darme consejos para manejar el estrés?,Medio,2026-04-11 19:00:00
245,assistant,Veo que la carga académica te preocupa. Vamos a crear un plan de organización.,Medio,2026-04-11 19:05:00
245,user,Me siento bien hoy.,Medio,2026-04-11 19:08:00
245,assistant,Hay señales de alerta moderadas. Te recomiendo establecer una rutina de descanso.,Medio,2026-04-11 19:24:00
245,user,Estoy preocupado por mis calificaciones.,Medio,2026-04-11 19:28:00
489,user,No he dormido bien esta semana.,Medio,2026-05-20 02:00:00
489,assistant,Veo que la carga académica te preocupa. Vamos a crear un plan de organización.,Medio,2026-05-20 02:08:00
315,user,Estoy preocupado por mis calificaciones.,Medio,2026-03-17 00:00:00
315,assistant,Noto que hay áreas que podrían mejorar. ¿Te gustaría hablar más sobre el estrés?,Medio,2026-03-17 00:05:00
315,user,¿Puedes darme consejos para manejar el estrés?,Medio,2026-03-17 00:12:00
326,user,Tengo problemas para concentrarme.,Medio,2026-06-22 22:00:00
326,assistant,Hay señales de alerta moderadas. Te recomiendo establecer una rutina de descanso.,Medio,2026-06-22 22:06:00
326,user,¿Puedes darme consejos para manejar el estrés?,Medio,2026-06-22 22:12:00
293,user,Me siento bien hoy.,Medio,2026-01-31 16:00:00
293,assistant,Hay señales de alerta moderadas. Te recomiendo establecer una rutina de descanso.,Medio,2026-01-31 16:04:00
293,user,Necesito ayuda para organizarme.,Medio,2026-01-31 16:16:00
293,assistant,Hay señales de alerta moderadas. Te recomiendo establecer una rutina de descanso.,Medio,2026-01-31 16:18:00
293,user,¿Hay recursos de apoyo disponibles?,Medio,2026-01-31 16:24:00
361,user,¿Hay recursos de apoyo disponibles?,Medio,2026-02-16 21:00:00
361,assistant,Noto que hay áreas que podrían mejorar. ¿Te gustaría hablar más sobre el estrés?,Medio,2026-02-16 21:08:00
361,user,¿Hay recursos de apoyo disponibles?,Medio,2026-02-16 21:16:00
459,user,¿Hay recursos de apoyo disponibles?,Medio,2026-05-25 17:00:00
459,assistant,Noto que hay áreas que podrían mejorar. ¿Te gustaría hablar más sobre el estrés?,Medio,2026-05-25 17:08:00
459,user,Me siento motivado pero cansado.,Medio,2026-05-25 17:10:00
38,user,Necesito ayuda para organizarme.,Medio,2026-03-06 04:00:00
38,assistant,Hay señales de alerta moderadas. Te recomiendo establecer una rutina de descanso.,Medio,2026-03-06 04:04:00
38,user,Me siento bien hoy.,Medio,2026-03-06 04:02:00
171,user,Necesito ayuda para organizarme.,Medio,2026-06-22 23:00:00
171,assistant,Hay señales de alerta moderadas. Te recomiendo establecer una rutina de descanso.,Medio,2026-06-22 23:04:00
171,user,Me siento bien hoy.,Medio,2026-06-22 23:04:00
171,assistant,Hay señales de alerta moderadas. Te recomiendo establecer una rutina de descanso.,Medio,2026-06-22 23:03:00
380,user,Me siento bien hoy.,Alto,2026-05-30 04:00:00
380,assistant,Tu nivel de estrés es preocupante. ¿Podemos hablar de lo que te está afectando?,Alto,2026-05-30 04:01:00
380,user,La carga académica es muy pesada.,Alto,2026-05-30 04:10:00
380,assistant,Estoy viendo indicadores altos de riesgo. Es importante que hables con un tutor.,Alto,2026-05-30 04:09:00
155,user,Necesito ayuda para organizarme.,Medio,2026-07-01 02:00:00
155,assistant,Noto que hay áreas que podrían mejorar. ¿Te gustaría hablar más sobre el estrés?,Medio,2026-07-01 02:08:00
324,user,Necesito ayuda para organizarme.,Alto,2026-02-25 01:00:00
324,assistant,Tu nivel de estrés es preocupante. ¿Podemos hablar de lo que te está afectando?,Alto,2026-02-25 01:08:00
324,user,La carga académica es muy pesada.,Alto,2026-02-25 01:08:00
324,assistant,Recomiendo que busques apoyo con consejería estudiantil para evitar una crisis.,Alto,2026-02-25 01:24:00
324,user,La carga académica es muy pesada.,Alto,2026-02-25 01:12:00
304,user,Tengo problemas para concentrarme.,Medio,2026-01-19 17:00:00
304,assistant,Hay señales de alerta moderadas. Te recomiendo establecer una rutina de descanso.,Medio,2026-01-19 17:03:00
304,user,Necesito ayuda para organizarme.,Medio,2026-01-19 17:14:00
304,assistant,Veo que la carga académica te preocupa. Vamos a crear un plan de organización.,Medio,2026-01-19 17:03:00
325,user,La carga académica es muy pesada.,Medio,2026-04-07 22:00:00
325,assistant,Veo que la carga académica te preocupa. Vamos a crear un plan de organización.,Medio,2026-04-07 22:01:00
456,user,No he dormido bien esta semana.,Alto,2026-02-17 23:00:00
456,assistant,Estoy viendo indicadores altos de riesgo. Es importante que hables con un tutor.,Alto,2026-02-17 23:02:00
271,user,Necesito ayuda para organizarme.,Medio,2026-03-16 17:00:00
271,assistant,Hay señales de alerta moderadas. Te recomiendo establecer una rutina de descanso.,Medio,2026-03-16 17:06:00
271,user,No he dormido bien esta semana.,Medio,2026-03-16 17:16:00
271,assistant,Hay señales de alerta moderadas. Te recomiendo establecer una rutina de descanso.,Medio,2026-03-16 17:03:00
272,user,Me siento bien hoy.,Medio,2026-04-27 03:00:00
272,assistant,Noto que hay áreas que podrían mejorar. ¿Te gustaría hablar más sobre el estrés?,Medio,2026-04-27 03:02:00
394,user,Me siento estresado con la carga de trabajo.,Alto,2026-03-22 19:00:00
394,assistant,Estoy viendo indicadores altos de riesgo. Es importante que hables con un tutor.,Alto,2026-03-22 19:04:00
394,user,Me siento motivado pero cansado.,Alto,2026-03-22 19:02:00
25,user,Tengo problemas para concentrarme.,Alto,2026-03-15 18:00:00
25,assistant,Tu nivel de estrés es preocupante. ¿Podemos hablar de lo que te está afectando?,Alto,2026-03-15 18:07:00
25,user,Estoy preocupado por mis calificaciones.,Alto,2026-03-15 18:02:00
265,user,Tengo problemas para concentrarme.,Medio,2026-05-21 16:00:00
265,assistant,Noto que hay áreas que podrían mejorar. ¿Te gustaría hablar más sobre el estrés?,Medio,2026-05-21 16:04:00
265,user,¿Hay recursos de apoyo disponibles?,Medio,2026-05-21 16:02:00
265,assistant,Noto que hay áreas que podrían mejorar. ¿Te gustaría hablar más sobre el estrés?,Medio,2026-05-21 16:12:00
265,user,¿Hay recursos de apoyo disponibles?,Medio,2026-05-21 16:32:00
7,user,Estoy preocupado por mis calificaciones.,Medio,2026-02-05 01:00:00
7,assistant,Noto que hay áreas que podrían mejorar. ¿Te gustaría hablar más sobre el estrés?,Medio,2026-02-05 01:01:00
7,user,¿Hay recursos de apoyo disponibles?,Medio,2026-02-05 01:10:00
140,user,¿Hay recursos de apoyo disponibles?,Medio,2026-05-25 22:00:00
140,assistant,Hay señales de alerta moderadas. Te recomiendo establecer una rutina de descanso.,Medio,2026-05-25 22:04:00
140,user,Necesito ayuda para organizarme.,Medio,2026-05-25 22:10:00
205,user,Me siento bien hoy.,Medio,2026-03-29 23:00:00
205,assistant,Noto que hay áreas que podrían mejorar. ¿Te gustaría hablar más sobre el estrés?,Medio,2026-03-29 23:01:00
205,user,Estoy preocupado por mis calificaciones.,Medio,2026-03-29 23:04:00
205,assistant,Veo que la carga académica te preocupa. Vamos a crear un plan de organización.,Medio,2026-03-29 23:12:00
205,user,Me siento bien hoy.,Medio,2026-03-29 23:20:00
430,user,Me siento motivado pero cansado.,Medio,2026-03-11 01:00:00
430,assistant,Veo que la carga académica te preocupa. Vamos a crear un plan de organización.,Medio,2026-03-11 01:04:00
430,user,¿Hay recursos de apoyo disponibles?,Medio,2026-03-11 01:10:00
430,assistant,Noto que hay áreas que podrían mejorar. ¿Te gustaría hablar más sobre el estrés?,Medio,2026-03-11 01:03:00
162,user,Necesito ayuda para organizarme.,Medio,2026-03-02 21:00:00
162,assistant,Hay señales de alerta moderadas. Te recomiendo establecer una rutina de descanso.,Medio,2026-03-02 21:03:00
162,user,Me siento motivado pero cansado.,Medio,2026-03-02 21:16:00
162,assistant,Veo que la carga académica te preocupa. Vamos a crear un plan de organización.,Medio,2026-03-02 21:15:00
162,user,Me siento bien hoy.,Medio,2026-03-02 21:08:00
319,user,La carga académica es muy pesada.,Medio,2026-01-15 16:00:00
319,assistant,Hay señales de alerta moderadas. Te recomiendo establecer una rutina de descanso.,Medio,2026-01-15 16:08:00
199,user,Me siento bien hoy.,Medio,2026-02-24 17:00:00
199,assistant,Veo que la carga académica te preocupa. Vamos a crear un plan de organización.,Medio,2026-02-24 17:06:00
199,user,No he dormido bien esta semana.,Medio,2026-02-24 17:10:00
217,user,La carga académica es muy pesada.,Medio,2026-04-02 04:00:00
217,assistant,Hay señales de alerta moderadas. Te recomiendo establecer una rutina de descanso.,Medio,2026-04-02 04:08:00
480,user,Me siento motivado pero cansado.,Medio,2026-03-08 17:00:00
480,assistant,Noto que hay áreas que podrían mejorar. ¿Te gustaría hablar más sobre el estrés?,Medio,2026-03-08 17:02:00
48,user,La carga académica es muy pesada.,Medio,2026-05-12 01:00:00
48,assistant,Veo que la carga académica te preocupa. Vamos a crear un plan de organización.,Medio,2026-05-12 01:08:00
48,user,No he dormido bien esta semana.,Medio,2026-05-12 01:06:00
48,assistant,Noto que hay áreas que podrían mejorar. ¿Te gustaría hablar más sobre el estrés?,Medio,2026-05-12 01:06:00
