id_alumno,nombres,apellido_paterno,apellido_materno,matricula,semestre_actual,estatus_academico,id_carrera,id_plan,genero,id_usuario
4,Luis,Alvarez,Ramirez,SINT-20250004,3,Regular,1,1,M,
5,Jorge,Gonzalez,Alvarez,SINT-20280005,9,Regular,1,1,M,
6,Pablo,Alvarez,Castro,SINT-20270006,6,Regular,1,1,M,
7,Rafael,Reyes,Martinez,SINT-20260007,5,Regular,1,1,M,
8,Jose,Rodriguez,Sanchez,SINT-20250008,2,Regular,1,1,M,
9,Sergio,Rodriguez,Romero,SINT-20250009,2,Regular,1,1,M,
10,Daniela,Vazquez,Rivera,SINT-20240010,1,Regular,1,1,F,
11,Maria,Delgado,Aguilar,SINT-20280011,8,Regular,1,1,F,
12,Gabriel,Reyes,Flores,SINT-20260012,5,Regular,1,1,M,
13,Valeria,Rodriguez,Delgado,SINT-20270013,6,Regular,1,1,F,
14,Sofia,Lopez,Ortiz,SINT-20240014,1,Regular,1,1,F,
15,Pedro,Soto,Morales,SINT-20280015,9,Regular,1,1,M,
16,Ana,Alvarez,Vazquez,SINT-20270016,7,Regular,1,1,F,
17,Andres,Lopez,Moreno,SINT-20250017,2,Regular,1,1,M,
18,Laura,Diaz,Castro,SINT-20250018,2,Regular,1,1,F,
19,Elena,Rodriguez,Romero,SINT-20250019,2,Regular,1,1,F,
20,Carlos,Castillo,Sanchez,SINT-20250020,3,Regular,1,1,M,
21,Gabriela,Soto,Sanchez,SINT-20260021,4,Regular,1,1,F,
22,Andres,Ramirez,Vazquez,SINT-20260022,4,Regular,1,1,M,
23,Ximena,Morales,Morales,SINT-20250023,3,Regular,1,1,F,
24,Pablo,Ramirez,Romero,SINT-20260024,5,Regular,1,1,M,
25,Eduardo,Mendoza,Perez,SINT-20240025,1,Regular,1,1,M,
26,Juan,Vazquez,Ortiz,SINT-20250026,3,Regular,1,1,M,
27,Laura,Romero,Moreno,SINT-20250027,3,Regular,1,1,F,
28,Pablo,Flores,Molina,SINT-20260028,4,Regular,1,1,M,
29,Jorge,Molina,Martinez,SINT-20270029,7,Regular,1,1,M,
30,Paola,Ramirez,Lopez,SINT-20250030,2,Regular,1,1,F,
31,Rafael,Castro,Romero,SINT-20260031,4,Regular,1,1,M,
32,Fernanda,Mendoza,Jimenez,SINT-20260032,5,Regular,1,1,F,
33,Laura,Vazquez,Gonzalez,SINT-20240033,1,Regular,1,1,F,
34,Valeria,Sanchez,Alvarez,SINT-20260034,5,Regular,1,1,F,
35,Guadalupe,Rivera,Reyes,SINT-20250035,2,Regular,1,1,F,
36,Rosa,Sanchez,Gonzalez,SINT-20240036,1,Regular,1,1,F,
37,Gabriela,Delgado,Martinez,SINT-20280037,9,Regular,1,1,F,
38,Alejandro,Mendoza,Perez,SINT-20280038,9,Regular,1,1,M,
39,Sara,Lopez,Ortiz,SINT-20270039,7,Regular,1,1,F,
40,Sara,Vazquez,Torres,SINT-20250040,3,Regular,1,1,F,
41,Veronica,Soto,Garcia,SINT-20240041,1,Regular,1,1,F,
42,Pablo,Castro,Moreno,SINT-20270042,6,Regular,1,1,M,
43,Laura,Flores,Hernandez,SINT-20260043,4,Regular,1,1,F,
44,Claudia,Perez,Vazquez,SINT-20240044,1,Regular,1,1,F,
45,Oscar,Castro,Alvarez,SINT-20260045,4,Regular,1,1,M,
46,Andrea,Delgado,Perez,SINT-20240046,1,Regular,1,1,F,
47,Hector,Cruz,Molina,SINT-20280047,8,Regular,1,1,M,
48,Alejandro,Morales,Delgado,SINT-20250048,2,Regular,1,1,M,
49,Sergio,Delgado,Medina,SINT-20270049,6,Regular,1,1,M,
50,Eduardo,Flores,Jimenez,SINT-20250050,3,Regular,1,1,M,
51,Miguel,Medina,Morales,SINT-20260051,4,Regular,1,1,M,
52,Daniela,Martinez,Sanchez,SINT-20260052,5,Regular,1,1,F,
53,Jose,Alvarez,Jimenez,SINT-20250053,2,Regular,1,1,M,
54,Victor,Moreno,Delgado,SINT-20280054,9,Regular,1,1,M,
55,Alejandro,Castillo,Jimenez,SINT-20270055,7,Regular,1,1,M,
56,Ricardo,Torres,Soto,SINT-20280056,9,Regular,1,1,M,
57,Fernanda,Medina,Moreno,SINT-20280057,8,Regular,1,1,F,
58,Gabriel,Cruz,Ortiz,SINT-20260058,5,Regular,1,1,M,
59,Liliana,Castro,Torres,SINT-20280059,9,Regular,1,1,F,
60,Sofia,Sanchez,Sanchez,SINT-20240060,1,Regular,1,1,F,
61,Manuel,Garcia,Rivera,SINT-20250061,2,Regular,1,1,M,
62,Rafael,Sanchez,Garcia,SINT-20240062,1,Regular,1,1,M,
63,Gabriel,Mendoza,Martinez,SINT-20250063,3,Regular,1,1,M,
64,Jose,Castro,Martinez,SINT-20250064,3,Regular,1,1,M,
65,Gabriela,Torres,Sanchez,SINT-20250065,2,Regular,1,1,F,
66,Natalia,Jimenez,Rodriguez,SINT-20270066,7,Regular,1,1,F,
67,Oscar,Medina,Castro,SINT-20250067,3,Regular,1,1,M,
68,Daniela,Aguilar,Jimenez,SINT-20250068,2,Regular,1,1,F,
69,Fernanda,Hernandez,Hernandez,SINT-20260069,5,Regular,1,1,F,
70,Rosa,Reyes,Reyes,SINT-20240070,1,Regular,1,1,F,
71,Guadalupe,Martinez,Castillo,SINT-20270071,7,Regular,1,1,F,
72,Carlos,Ortiz,Alvarez,SINT-20240072,1,Regular,1,1,M,
73,Sofia,Sanchez,Rodriguez,SINT-20280073,9,Regular,1,1,F,
74,Sergio,Vazquez,Gonzalez,SINT-20270074,7,Regular,1,1,M,
75,Ximena,Ramirez,Vazquez,SINT-20250075,2,Regular,1,1,F,
76,Jose,Vazquez,Aguilar,SINT-20240076,1,Regular,1,1,M,
77,Carlos,Mendoza,Moreno,SINT-20270077,7,Regular,1,1,M,
78,Jose,Medina,Delgado,SINT-20270078,6,Regular,1,1,M,
79,Juan,Reyes,Jimenez,SINT-20270079,6,Regular,1,1,M,
80,Fernanda,Soto,Ortiz,SINT-20270080,7,Regular,1,1,F,
81,Juan,Ortiz,Garcia,SINT-20240081,1,Regular,1,1,M,
82,Carmen,Medina,Aguilar,SINT-20250082,3,Regular,1,1,F,
83,Alejandra,Reyes,Romero,SINT-20240083,1,Regular,1,1,F,
84,Valeria,Rodriguez,Cruz,SINT-20280084,8,Regular,1,1,F,
85,Carlos,Rivera,Alvarez,SINT-20260085,5,Regular,1,1,M,
86,Oscar,Flores,Martinez,SINT-20250086,3,Regular,1,1,M,
87,Rafael,Jimenez,Torres,SINT-20240087,1,Regular,1,1,M,
88,Carlos,Torres,Lopez,SINT-20250088,3,Regular,1,1,M,
89,Jose,Diaz,Lopez,SINT-20250089,3,Regular,1,1,M,
90,Andres,Hernandez,Castro,SINT-20270090,6,Regular,1,1,M,
91,Rafael,Diaz,Martinez,SINT-20260091,5,Regular,1,1,M,
92,David,Castillo,Rivera,SINT-20280092,8,Regular,1,1,M,
93,Carmen,Rodriguez,Castillo,SINT-20260093,4,Regular,1,1,F,
94,Daniela,Ramirez,Ortiz,SINT-20240094,1,Regular,1,1,F,
95,Pablo,Mendoza,Cruz,SINT-20270095,6,Regular,1,1,M,
96,Diana,Medina,Delgado,SINT-20270096,7,Regular,1,1,F,
97,Luis,Vazquez,Diaz,SINT-20260097,5,Regular,1,1,M,
98,Jose,Moreno,Rodriguez,SINT-20270098,7,Regular,1,1,M,
99,Valeria,Medina,Morales,SINT-20260099,4,Regular,1,1,F,
100,Jorge,Morales,Cruz,SINT-20260100,4,Regular,1,1,M,
101,Francisco,Molina,Moreno,SINT-20260101,4,Regular,1,1,M,
102,Sara,Aguilar,Mendoza,SINT-20240102,1,Regular,1,1,F,
103,Pablo,Molina,Moreno,SINT-20240103,1,Regular,1,1,M,
104,Natalia,Hernandez,Castro,SINT-20240104,1,Regular,1,1,F,
105,Ricardo,Hernandez,Castro,SINT-20260105,5,Regular,1,1,M,
106,Oscar,Moreno,Gonzalez,SINT-20250106,3,Regular,1,1,M,
107,Alejandra,Diaz,Rodriguez,SINT-20260107,4,Regular,1,1,F,
108,Fernanda,Castillo,Mendoza,SINT-20280108,8,Regular,1,1,F,
109,Andrea,Jimenez,Ramirez,SINT-20250109,2,Regular,1,1,F,
110,Jose,Mendoza,Reyes,SINT-20250110,3,Regular,1,1,M,
111,Ana,Garcia,Flores,SINT-20270111,7,Regular,1,1,F,
112,Hector,Ramirez,Perez,SINT-20250112,2,Regular,1,1,M,
113,Veronica,Romero,Reyes,SINT-20240113,1,Regular,1,1,F,
114,Miguel,Lopez,Castro,SINT-20250114,2,Regular,1,1,M,
115,Sergio,Martinez,Molina,SINT-20250115,2,Regular,1,1,M,
116,Elena,Moreno,Gonzalez,SINT-20280116,9,Regular,1,1,F,
117,Valeria,Martinez,Cruz,SINT-20270117,7,Regular,1,1,F,
118,Ana,Castro,Morales,SINT-20260118,5,Regular,1,1,F,
119,Pablo,Sanchez,Castillo,SINT-20280119,8,Regular,1,1,M,
120,Pedro,Delgado,Moreno,SINT-20270120,7,Regular,1,1,M,
121,Sara,Alvarez,Gonzalez,SINT-20250121,2,Regular,1,1,F,
122,Juan,Aguilar,Aguilar,SINT-20280122,8,Regular,1,1,M,
123,David,Garcia,Perez,SINT-20260123,4,Regular,1,1,M,
124,Claudia,Aguilar,Castillo,SINT-20270124,7,Regular,1,1,F,
125,Ricardo,Perez,Aguilar,SINT-20280125,8,Regular,1,1,M,
126,Andres,Soto,Martinez,SINT-20250126,3,Regular,1,1,M,
127,Daniela,Rodriguez,Molina,SINT-20240127,1,Regular,1,1,F,
128,Rosa,Cruz,Molina,SINT-20250128,2,Regular,1,1,F,
129,Jorge,Garcia,Castillo,SINT-20260129,4,Regular,1,1,M,
130,Andres,Flores,Ramirez,SINT-20270130,7,Regular,1,1,M,
131,Victor,Ramirez,Morales,SINT-20280131,8,Regular,1,1,M,
132,Natalia,Molina,Moreno,SINT-20240132,1,Regular,1,1,F,
133,Maria,Hernandez,Castro,SINT-20260133,4,Regular,1,1,F,
134,Ximena,Rivera,Ramirez,SINT-20250134,3,Regular,1,1,F,
135,Miguel,Diaz,Reyes,SINT-20250135,2,Regular,1,1,M,
136,Guadalupe,Aguilar,Flores,SINT-20240136,1,Regular,1,1,F,
137,Sara,Torres,Hernandez,SINT-20250137,3,Regular,1,1,F,
138,Elena,Rodriguez,Ramirez,SINT-20280138,9,Regular,1,1,F,
139,Gabriel,Reyes,Garcia,SINT-20250139,3,Regular,1,1,M,
140,Pedro,Reyes,Lopez,SINT-20260140,4,Regular,1,1,M,
141,Sara,Flores,Castillo,SINT-20270141,6,Regular,1,1,F,
142,Oscar,Castro,Cruz,SINT-20250142,3,Regular,1,1,M,
143,Natalia,Reyes,Flores,SINT-20280143,9,Regular,1,1,F,
144,Martha,Cruz,Moreno,SINT-20280144,9,Regular,1,1,F,
145,Fernando,Reyes,Castillo,SINT-20250145,2,Regular,1,1,M,
146,Natalia,Alvarez,Castro,SINT-20260146,4,Regular,1,1,F,
147,Eduardo,Rivera,Cruz,SINT-20250147,3,Regular,1,1,M,
148,Veronica,Molina,Garcia,SINT-20250148,2,Regular,1,1,F,
149,Alejandra,Rodriguez,Reyes,SINT-20240149,1,Regular,1,1,F,
150,Liliana,Vazquez,Vazquez,SINT-20260150,5,Regular,1,1,F,
151,Antonio,Jimenez,Aguilar,SINT-20260151,4,Regular,1,1,M,
152,Pablo,Lopez,Cruz,SINT-20240152,1,Regular,1,1,M,
153,Gabriela,Molina,Delgado,SINT-20250153,2,Regular,1,1,F,
154,Pablo,Cruz,Sanchez,SINT-20280154,8,Regular,1,1,M,
155,Alejandro,Garcia,Martinez,SINT-20250155,2,Regular,1,1,M,
156,Jesus,Diaz,Soto,SINT-20240156,1,Regular,1,1,M,
157,Francisco,Reyes,Castro,SINT-20260157,4,Regular,1,1,M,
158,Gabriel,Romero,Ortiz,SINT-20280158,9,Regular,1,1,M,
159,Paola,Sanchez,Gonzalez,SINT-20250159,2,Regular,1,1,F,
160,Victor,Soto,Delgado,SINT-20270160,6,Regular,1,1,M,
161,Victor,Reyes,Sanchez,SINT-20270161,7,Regular,1,1,M,
162,Gabriel,Torres,Vazquez,SINT-20250162,2,Regular,1,1,M,
163,Sergio,Sanchez,Medina,SINT-20270163,6,Regular,1,1,M,
164,Francisco,Gonzalez,Aguilar,SINT-20250164,3,Regular,1,1,M,
165,Natalia,Torres,Moreno,SINT-20260165,5,Regular,1,1,F,
166,Liliana,Diaz,Molina,SINT-20260166,5,Regular,1,1,F,
167,Veronica,Vazquez,Castro,SINT-20260167,4,Regular,1,1,F,
168,Oscar,Soto,Jimenez,SINT-20240168,1,Regular,1,1,M,
169,Carmen,Delgado,Sanchez,SINT-20270169,7,Regular,1,1,F,
170,Andrea,Jimenez,Mendoza,SINT-20250170,3,Regular,1,1,F,
171,Ricardo,Vazquez,Lopez,SINT-20250171,2,Regular,1,1,M,
172,Daniela,Ramirez,Flores,SINT-20240172,1,Regular,1,1,F,
173,Veronica,Lopez,Gonzalez,SINT-20260173,5,Regular,1,1,F,
174,Jorge,Ortiz,Romero,SINT-20270174,6,Regular,1,1,M,
175,Gabriel,Rodriguez,Lopez,SINT-20240175,1,Regular,1,1,M,
176,Claudia,Flores,Moreno,SINT-20260176,4,Regular,1,1,F,
177,Claudia,Martinez,Rodriguez,SINT-20250177,2,Regular,1,1,F,
178,Paola,Castro,Delgado,SINT-20260178,5,Regular,1,1,F,
179,Victor,Rivera,Ortiz,SINT-20250179,2,Regular,1,1,M,
180,Maria,Morales,Cruz,SINT-20270180,6,Regular,1,1,F,
181,Claudia,Moreno,Alvarez,SINT-20250181,3,Regular,1,1,F,
182,Jesus,Sanchez,Ramirez,SINT-20280182,9,Regular,1,1,M,
183,Patricia,Garcia,Ortiz,SINT-20240183,1,Regular,1,1,F,
184,Natalia,Castillo,Aguilar,SINT-20250184,3,Regular,1,1,F,
185,Guadalupe,Perez,Molina,SINT-20240185,1,Regular,1,1,F,
186,Valeria,Diaz,Moreno,SINT-20280186,9,Regular,1,1,F,
187,Andres,Rivera,Rivera,SINT-20280187,8,Regular,1,1,M,
188,Jose,Mendoza,Reyes,SINT-20250188,2,Regular,1,1,M,
189,Francisco,Perez,Martinez,SINT-20270189,6,Regular,1,1,M,
190,Paola,Flores,Rodriguez,SINT-20270190,7,Regular,1,1,F,
191,Diana,Flores,Delgado,SINT-20260191,5,Regular,1,1,F,
192,Carmen,Delgado,Molina,SINT-20260192,4,Regular,1,1,F,
193,Carmen,Molina,Lopez,SINT-20250193,2,Regular,1,1,F,
194,Maria,Alvarez,Moreno,SINT-20240194,1,Regular,1,1,F,
195,Pedro,Sanchez,Mendoza,SINT-20280195,8,Regular,1,1,M,
196,Victor,Mendoza,Martinez,SINT-20280196,8,Regular,1,1,M,
197,Jorge,Rodriguez,Molina,SINT-20260197,5,Regular,1,1,M,
198,Eduardo,Gonzalez,Sanchez,SINT-20250198,3,Regular,1,1,M,
199,Jesus,Castillo,Hernandez,SINT-20250199,3,Regular,1,1,M,
200,Francisco,Romero,Ramirez,SINT-20270200,6,Regular,1,1,M,
201,Ximena,Diaz,Diaz,SINT-20280201,8,Regular,1,1,F,
202,Victor,Molina,Perez,SINT-20280202,8,Regular,1,1,M,
203,Sofia,Rivera,Garcia,SINT-20270203,7,Regular,1,1,F,
204,Elena,Castillo,Medina,SINT-20260204,5,Regular,1,1,F,
205,Paola,Romero,Rodriguez,SINT-20240205,1,Regular,1,1,F,
206,Rafael,Romero,Molina,SINT-20250206,2,Regular,1,1,M,
207,Miguel,Romero,Delgado,SINT-20280207,8,Regular,1,1,M,
208,Natalia,Diaz,Aguilar,SINT-20260208,5,Regular,1,1,F,
209,Rafael,Aguilar,Martinez,SINT-20240209,1,Regular,1,1,M,
210,Veronica,Reyes,Castillo,SINT-20240210,1,Regular,1,1,F,
211,Gabriela,Torres,Mendoza,SINT-20270211,6,Regular,1,1,F,
212,Maria,Soto,Reyes,SINT-20240212,1,Regular,1,1,F,
213,Sofia,Reyes,Morales,SINT-20250213,2,Regular,1,1,F,
214,Martha,Gonzalez,Reyes,SINT-20260214,5,Regular,1,1,F,
215,Oscar,Torres,Mendoza,SINT-20270215,6,Regular,1,1,M,
216,Sara,Aguilar,Medina,SINT-20270216,6,Regular,1,1,F,
217,Liliana,Reyes,Molina,SINT-20250217,2,Regular,1,1,F,
218,Diana,Soto,Sanchez,SINT-20270218,6,Regular,1,1,F,
219,Ricardo,Castro,Vazquez,SINT-20250219,2,Regular,1,1,M,
220,Victor,Vazquez,Rivera,SINT-20250220,3,Regular,1,1,M,
221,Diana,Garcia,Jimenez,SINT-20270221,6,Regular,1,1,F,
222,Ximena,Jimenez,Rodriguez,SINT-20260222,5,Regular,1,1,F,
223,Carmen,Flores,Ramirez,SINT-20280223,8,Regular,1,1,F,
224,Veronica,Garcia,Torres,SINT-20270224,6,Regular,1,1,F,
225,Jose,Sanchez,Alvarez,SINT-20260225,5,Regular,1,1,M,
226,Patricia,Moreno,Delgado,SINT-20240226,1,Regular,1,1,F,
227,Gabriel,Jimenez,Mendoza,SINT-20250227,3,Regular,1,1,M,
228,Liliana,Aguilar,Garcia,SINT-20250228,2,Regular,1,1,F,
229,Daniel,Sanchez,Ortiz,SINT-20250229,2,Regular,1,1,M,
230,Daniel,Castillo,Rivera,SINT-20280230,9,Regular,1,1,M,
231,Patricia,Moreno,Torres,SINT-20250231,3,Regular,1,1,F,
232,Claudia,Alvarez,Moreno,SINT-20280232,8,Regular,1,1,F,
233,Rosa,Romero,Vazquez,SINT-20260233,5,Regular,1,1,F,
234,Alejandra,Ramirez,Sanchez,SINT-20270234,7,Regular,1,1,F,
235,Oscar,Rodriguez,Flores,SINT-20260235,4,Regular,1,1,M,
236,Oscar,Moreno,Delgado,SINT-20260236,5,Regular,1,1,M,
237,Fernando,Rodriguez,Alvarez,SINT-20260237,4,Regular,1,1,M,
238,Carmen,Alvarez,Rivera,SINT-20250238,2,Regular,1,1,F,
239,Sofia,Molina,Rodriguez,SINT-20270239,6,Regular,1,1,F,
240,Daniela,Morales,Perez,SINT-20250240,2,Regular,1,1,F,
241,Maria,Romero,Moreno,SINT-20240241,1,Regular,1,1,F,
242,Ricardo,Martinez,Martinez,SINT-20260242,5,Regular,1,1,M,
243,Martha,Gonzalez,Mendoza,SINT-20250243,2,Regular,1,1,F,
244,Sofia,Soto,Garcia,SINT-20280244,9,Regular,1,1,F,
245,Patricia,Jimenez,Vazquez,SINT-20280245,9,Regular,1,1,F,
246,Ximena,Martinez,Ramirez,SINT-20280246,8,Regular,1,1,F,
247,Sofia,Molina,Lopez,SINT-20250247,3,Regular,1,1,F,
248,Patricia,Lopez,Rivera,SINT-20240248,1,Regular,1,1,F,
249,Alejandro,Gonzalez,Aguilar,SINT-20280249,9,Regular,1,1,M,
250,Gabriela,Sanchez,Hernandez,SINT-20260250,4,Regular,1,1,F,
251,Sara,Diaz,Aguilar,SINT-20280251,9,Regular,1,1,F,
252,Victor,Torres,Ortiz,SINT-20280252,9,Regular,1,1,M,
253,Liliana,Cruz,Soto,SINT-20280253,8,Regular,1,1,F,
254,Alejandra,Rivera,Diaz,SINT-20250254,3,Regular,1,1,F,
255,Eduardo,Alvarez,Hernandez,SINT-20250255,3,Regular,1,1,M,
256,Hector,Rodriguez,Ramirez,SINT-20280256,8,Regular,1,1,M,
257,Juan,Sanchez,Perez,SINT-20250257,3,Regular,1,1,M,
258,Juan,Garcia,Reyes,SINT-20250258,2,Regular,1,1,M,
259,Martha,Diaz,Jimenez,SINT-20260259,5,Regular,1,1,F,
260,Ana,Sanchez,Cruz,SINT-20280260,9,Regular,1,1,F,
261,Martha,Soto,Vazquez,SINT-20270261,6,Regular,1,1,F,
262,Pablo,Sanchez,Medina,SINT-20260262,5,Regular,1,1,M,
263,Laura,Rivera,Castillo,SINT-20240263,1,Regular,1,1,F,
264,David,Hernandez,Moreno,SINT-20260264,5,Regular,1,1,M,
265,Hector,Gonzalez,Medina,SINT-20280265,9,Regular,1,1,M,
266,Valeria,Lopez,Martinez,SINT-20240266,1,Regular,1,1,F,
267,Daniel,Diaz,Alvarez,SINT-20260267,4,Regular,1,1,M,
268,Liliana,Hernandez,Vazquez,SINT-20280268,8,Regular,1,1,F,
269,Martha,Ortiz,Ramirez,SINT-20270269,6,Regular,1,1,F,
270,Liliana,Lopez,Diaz,SINT-20270270,6,Regular,1,1,F,
271,David,Alvarez,Flores,SINT-20270271,6,Regular,1,1,M,
272,Maria,Lopez,Sanchez,SINT-20250272,3,Regular,1,1,F,
273,Victor,Castillo,Molina,SINT-20250273,3,Regular,1,1,M,
274,Elena,Martinez,Delgado,SINT-20270274,7,Regular,1,1,F,
275,Jesus,Torres,Mendoza,SINT-20270275,7,Regular,1,1,M,
276,Carmen,Perez,Rivera,SINT-20280276,8,Regular,1,1,F,
277,Laura,Molina,Jimenez,SINT-20280277,8,Regular,1,1,F,
278,Jesus,Morales,Reyes,SINT-20260278,4,Regular,1,1,M,
279,Diana,Castillo,Hernandez,SINT-20260279,4,Regular,1,1,F,
280,Manuel,Reyes,Romero,SINT-20270280,7,Regular,1,1,M,
281,Alejandra,Castillo,Ortiz,SINT-20260281,5,Regular,1,1,F,
282,Francisco,Lopez,Flores,SINT-20270282,6,Regular,1,1,M,
283,Diana,Hernandez,Delgado,SINT-20270283,7,Regular,1,1,F,
284,Andrea,Molina,Garcia,SINT-20280284,8,Regular,1,1,F,
285,Claudia,Martinez,Rodriguez,SINT-20250285,3,Regular,1,1,F,
286,Sara,Delgado,Jimenez,SINT-20250286,3,Regular,1,1,F,
287,Ana,Rodriguez,Ramirez,SINT-20240287,1,Regular,1,1,F,
288,Daniel,Vazquez,Castro,SINT-20260288,5,Regular,1,1,M,
289,Sofia,Garcia,Mendoza,SINT-20240289,1,Regular,1,1,F,
290,Gabriel,Perez,Cruz,SINT-20260290,4,Regular,1,1,M,
291,Sergio,Reyes,Lopez,SINT-20260291,5,Regular,1,1,M,
292,Miguel,Vazquez,Hernandez,SINT-20250292,2,Regular,1,1,M,
293,Jesus,Medina,Romero,SINT-20260293,5,Regular,1,1,M,
294,Andrea,Romero,Ramirez,SINT-20240294,1,Regular,1,1,F,
295,Patricia,Jimenez,Sanchez,SINT-20240295,1,Regular,1,1,F,
296,Veronica,Gonzalez,Ortiz,SINT-20270296,7,Regular,1,1,F,
297,Eduardo,Torres,Alvarez,SINT-20250297,3,Regular,1,1,M,
298,Jose,Ramirez,Delgado,SINT-20240298,1,Regular,1,1,M,
299,Diana,Medina,Aguilar,SINT-20260299,4,Regular,1,1,F,
300,Maria,Cruz,Alvarez,SINT-20270300,7,Regular,1,1,F,
301,Elena,Rivera,Castillo,SINT-20250301,2,Regular,1,1,F,
302,Valeria,Vazquez,Moreno,SINT-20260302,5,Regular,1,1,F,
303,Rosa,Flores,Moreno,SINT-20240303,1,Regular,1,1,F,
304,Liliana,Medina,Flores,SINT-20240304,1,Regular,1,1,F,
305,Gabriel,Sanchez,Rivera,SINT-20260305,4,Regular,1,1,M,
306,Daniela,Soto,Delgado,SINT-20260306,5,Regular,1,1,F,
307,Ana,Flores,Alvarez,SINT-20260307,5,Regular,1,1,F,
308,Martha,Medina,Aguilar,SINT-20270308,6,Regular,1,1,F,
309,Paola,Castillo,Aguilar,SINT-20280309,9,Regular,1,1,F,
310,Jesus,Martinez,Gonzalez,SINT-20260310,4,Regular,1,1,M,
311,Sofia,Soto,Soto,SINT-20250311,3,Regular,1,1,F,
312,Sofia,Torres,Medina,SINT-20270312,7,Regular,1,1,F,
313,Maria,Alvarez,Gonzalez,SINT-20250313,2,Regular,1,1,F,
314,Laura,Gonzalez,Lopez,SINT-20260314,4,Regular,1,1,F,
315,Carmen,Flores,Diaz,SINT-20240315,1,Regular,1,1,F,
316,Laura,Lopez,Soto,SINT-20240316,1,Regular,1,1,F,
317,Natalia,Soto,Moreno,SINT-20280317,9,Regular,1,1,F,
318,Diana,Mendoza,Romero,SINT-20270318,7,Regular,1,1,F,
319,Veronica,Martinez,Diaz,SINT-20270319,6,Regular,1,1,F,
320,Jorge,Mendoza,Castillo,SINT-20250320,3,Regular,1,1,M,
321,Daniela,Alvarez,Lopez,SINT-20250321,2,Regular,1,1,F,
322,Sofia,Delgado,Mendoza,SINT-20250322,2,Regular,1,1,F,
323,Francisco,Perez,Romero,SINT-20250323,2,Regular,1,1,M,
324,Maria,Martinez,Flores,SINT-20260324,5,Regular,1,1,F,
325,Daniel,Morales,Morales,SINT-20270325,6,Regular,1,1,M,
326,Valeria,Sanchez,Torres,SINT-20270326,6,Regular,1,1,F,
327,Elena,Castillo,Aguilar,SINT-20250327,2,Regular,1,1,F,
328,Juan,Perez,Lopez,SINT-20280328,9,Regular,1,1,M,
329,Sara,Castillo,Sanchez,SINT-20270329,6,Regular,1,1,F,
330,Elena,Gonzalez,Sanchez,SINT-20260330,5,Regular,1,1,F,
331,Laura,Ramirez,Vazquez,SINT-20260331,5,Regular,1,1,F,
332,Natalia,Garcia,Castro,SINT-20250332,3,Regular,1,1,F,
333,Alejandra,Castillo,Moreno,SINT-20250333,2,Regular,1,1,F,
334,Jose,Vazquez,Morales,SINT-20250334,3,Regular,1,1,M,
335,Laura,Reyes,Romero,SINT-20270335,7,Regular,1,1,F,
336,Liliana,Soto,Cruz,SINT-20240336,1,Regular,1,1,F,
337,Andres,Soto,Jimenez,SINT-20240337,1,Regular,1,1,M,
338,Jorge,Ortiz,Rivera,SINT-20240338,1,Regular,1,1,M,
339,Elena,Cruz,Romero,SINT-20240339,1,Regular,1,1,F,
340,Maria,Molina,Castillo,SINT-20280340,8,Regular,1,1,F,
341,Carmen,Garcia,Rivera,SINT-20270341,6,Regular,1,1,F,
342,Eduardo,Alvarez,Jimenez,SINT-20260342,4,Regular,1,1,M,
343,Daniela,Diaz,Aguilar,SINT-20240343,1,Regular,1,1,F,
344,Daniela,Mendoza,Rodriguez,SINT-20260344,4,Regular,1,1,F,
345,Natalia,Delgado,Alvarez,SINT-20260345,4,Regular,1,1,F,
346,Hector,Hernandez,Castro,SINT-20250346,2,Regular,1,1,M,
347,Daniel,Aguilar,Vazquez,SINT-20260347,4,Regular,1,1,M,
348,Rafael,Morales,Alvarez,SINT-20250348,3,Regular,1,1,M,
349,Jose,Medina,Cruz,SINT-20260349,5,Regular,1,1,M,
350,Guadalupe,Reyes,Perez,SINT-20260350,5,Regular,1,1,F,
351,Alejandro,Aguilar,Moreno,SINT-20240351,1,Regular,1,1,M,
352,Andrea,Torres,Medina,SINT-20250352,3,Regular,1,1,F,
353,Ximena,Ramirez,Medina,SINT-20260353,5,Regular,1,1,F,
354,Alejandra,Alvarez,Soto,SINT-20260354,4,Regular,1,1,F,
355,Sofia,Vazquez,Lopez,SINT-20280355,8,Regular,1,1,F,
356,Victor,Sanchez,Soto,SINT-20270356,6,Regular,1,1,M,
357,Veronica,Morales,Lopez,SINT-20250357,2,Regular,1,1,F,
358,Maria,Ramirez,Moreno,SINT-20240358,1,Regular,1,1,F,
359,Francisco,Morales,Castillo,SINT-20260359,5,Regular,1,1,M,
360,Elena,Ortiz,Molina,SINT-20240360,1,Regular,1,1,F,
361,Sofia,Castillo,Sanchez,SINT-20260361,5,Regular,1,1,F,
362,Maria,Diaz,Castro,SINT-20280362,9,Regular,1,1,F,
363,Sara,Sanchez,Mendoza,SINT-20260363,5,Regular,1,1,F,
364,Hector,Molina,Vazquez,SINT-20250364,3,Regular,1,1,M,
365,Laura,Reyes,Hernandez,SINT-20260365,5,Regular,1,1,F,
366,Carlos,Martinez,Cruz,SINT-20260366,4,Regular,1,1,M,
367,Sofia,Hernandez,Sanchez,SINT-20260367,5,Regular,1,1,F,
368,Andres,Vazquez,Morales,SINT-20280368,9,Regular,1,1,M,
369,Elena,Alvarez,Alvarez,SINT-20250369,3,Regular,1,1,F,
370,David,Mendoza,Hernandez,SINT-20280370,9,Regular,1,1,M,
371,Sara,Reyes,Ramirez,SINT-20280371,8,Regular,1,1,F,
372,Gabriel,Morales,Rodriguez,SINT-20250372,2,Regular,1,1,M,
373,Liliana,Sanchez,Soto,SINT-20240373,1,Regular,1,1,F,
374,Sofia,Castillo,Morales,SINT-20240374,1,Regular,1,1,F,
375,Ana,Ortiz,Ramirez,SINT-20240375,1,Regular,1,1,F,
376,Miguel,Soto,Molina,SINT-20240376,1,Regular,1,1,M,
377,Gabriela,Castillo,Rodriguez,SINT-20270377,6,Regular,1,1,F,
378,Carlos,Aguilar,Flores,SINT-20240378,1,Regular,1,1,M,
379,Alejandro,Aguilar,Rivera,SINT-20250379,3,Regular,1,1,M,
380,Jose,Molina,Delgado,SINT-20280380,8,Regular,1,1,M,
381,Rafael,Rodriguez,Molina,SINT-20240381,1,Regular,1,1,M,
382,Manuel,Delgado,Gonzalez,SINT-20270382,7,Regular,1,1,M,
383,Ricardo,Soto,Gonzalez,SINT-20250383,2,Regular,1,1,M,
384,Sergio,Ramirez,Aguilar,SINT-20240384,1,Regular,1,1,M,
385,Miguel,Castillo,Soto,SINT-20270385,6,Regular,1,1,M,
386,Alejandro,Garcia,Morales,SINT-20260386,5,Regular,1,1,M,
387,Rafael,Flores,Garcia,SINT-20280387,8,Regular,1,1,M,
388,Ricardo,Martinez,Gonzalez,SINT-20270388,6,Regular,1,1,M,
389,Andrea,Hernandez,Alvarez,SINT-20270389,7,Regular,1,1,F,
390,Jesus,Vazquez,Delgado,SINT-20250390,2,Regular,1,1,M,
391,Andrea,Rivera,Hernandez,SINT-20250391,2,Regular,1,1,F,
392,Andrea,Sanchez,Diaz,SINT-20270392,7,Regular,1,1,F,
393,Oscar,Aguilar,Medina,SINT-20270393,7,Regular,1,1,M,
394,Liliana,Mendoza,Garcia,SINT-20280394,9,Regular,1,1,F,
395,Jesus,Soto,Ortiz,SINT-20250395,3,Regular,1,1,M,
396,Natalia,Hernandez,Jimenez,SINT-20250396,3,Regular,1,1,F,
397,Gabriela,Castro,Lopez,SINT-20270397,7,Regular,1,1,F,
398,Sara,Gonzalez,Lopez,SINT-20250398,3,Regular,1,1,F,
399,Ricardo,Diaz,Mendoza,SINT-20280399,9,Regular,1,1,M,
400,Paola,Diaz,Torres,SINT-20280400,8,Regular,1,1,F,
401,Liliana,Torres,Diaz,SINT-20260401,4,Regular,1,1,F,
402,Sofia,Aguilar,Romero,SINT-20270402,7,Regular,1,1,F,
403,Hector,Mendoza,Castro,SINT-20270403,7,Regular,1,1,M,
404,David,Vazquez,Castro,SINT-20240404,1,Regular,1,1,M,
405,David,Flores,Molina,SINT-20280405,8,Regular,1,1,M,
406,Paola,Reyes,Alvarez,SINT-20260406,4,Regular,1,1,F,
407,Manuel,Reyes,Flores,SINT-20270407,7,Regular,1,1,M,
408,Rosa,Gonzalez,Castillo,SINT-20250408,3,Regular,1,1,F,
409,Gabriela,Lopez,Molina,SINT-20280409,8,Regular,1,1,F,
410,Jose,Reyes,Hernandez,SINT-20250410,3,Regular,1,1,M,
411,Valeria,Moreno,Martinez,SINT-20240411,1,Regular,1,1,F,
412,Natalia,Hernandez,Reyes,SINT-20280412,8,Regular,1,1,F,
413,Natalia,Delgado,Reyes,SINT-20240413,1,Regular,1,1,F,
414,Daniel,Diaz,Cruz,SINT-20250414,3,Regular,1,1,M,
415,Sofia,Rivera,Torres,SINT-20280415,9,Regular,1,1,F,
416,Alejandro,Castillo,Jimenez,SINT-20280416,9,Regular,1,1,M,
417,Miguel,Morales,Soto,SINT-20260417,5,Regular,1,1,M,
418,Sofia,Delgado,Ramirez,SINT-20260418,5,Regular,1,1,F,
419,David,Soto,Moreno,SINT-20260419,4,Regular,1,1,M,
420,Eduardo,Medina,Castillo,SINT-20250420,3,Regular,1,1,M,
421,Maria,Perez,Ramirez,SINT-20250421,3,Regular,1,1,F,
422,Diana,Morales,Garcia,SINT-20270422,6,Regular,1,1,F,
423,Alejandro,Rivera,Castillo,SINT-20270423,7,Regular,1,1,M,
424,Gabriela,Gonzalez,Alvarez,SINT-20270424,7,Regular,1,1,F,
425,Jose,Alvarez,Torres,SINT-20270425,7,Regular,1,1,M,
426,Andres,Reyes,Vazquez,SINT-20240426,1,Regular,1,1,M,
427,Ximena,Morales,Cruz,SINT-20260427,4,Regular,1,1,F,
428,Elena,Diaz,Lopez,SINT-20240428,1,Regular,1,1,F,
429,Alejandro,Perez,Delgado,SINT-20260429,5,Regular,1,1,M,
430,Pablo,Lopez,Ramirez,SINT-20260430,4,Regular,1,1,M,
431,Natalia,Reyes,Jimenez,SINT-20280431,8,Regular,1,1,F,
432,Claudia,Ramirez,Rodriguez,SINT-20250432,3,Regular,1,1,F,
433,Pedro,Reyes,Hernandez,SINT-20240433,1,Regular,1,1,M,
434,Natalia,Castillo,Rivera,SINT-20240434,1,Regular,1,1,F,
435,Andrea,Castillo,Cruz,SINT-20270435,7,Regular,1,1,F,
436,Jorge,Ortiz,Diaz,SINT-20260436,5,Regular,1,1,M,
437,Luis,Rodriguez,Cruz,SINT-20240437,1,Regular,1,1,M,
438,Victor,Gonzalez,Delgado,SINT-20240438,1,Regular,1,1,M,
439,Alejandra,Flores,Hernandez,SINT-20270439,6,Regular,1,1,F,
440,Jesus,Alvarez,Reyes,SINT-20240440,1,Regular,1,1,M,
441,Alejandro,Ortiz,Moreno,SINT-20270441,7,Regular,1,1,M,
442,Antonio,Moreno,Molina,SINT-20270442,6,Regular,1,1,M,
443,Gabriela,Ortiz,Soto,SINT-20240443,1,Regular,1,1,F,
444,David,Garcia,Vazquez,SINT-20240444,1,Regular,1,1,M,
445,Manuel,Rivera,Reyes,SINT-20280445,9,Regular,1,1,M,
446,Martha,Mendoza,Reyes,SINT-20250446,3,Regular,1,1,F,
447,Sofia,Ortiz,Garcia,SINT-20250447,3,Regular,1,1,F,
448,Ximena,Aguilar,Diaz,SINT-20270448,7,Regular,1,1,F,
449,Martha,Medina,Morales,SINT-20280449,9,Regular,1,1,F,
450,David,Soto,Hernandez,SINT-20280450,9,Regular,1,1,M,
451,David,Rivera,Ortiz,SINT-20270451,7,Regular,1,1,M,
452,Andres,Soto,Cruz,SINT-20250452,3,Regular,1,1,M,
453,Daniela,Flores,Delgado,SINT-20240453,1,Regular,1,1,F,
454,Jose,Torres,Mendoza,SINT-20270454,7,Regular,1,1,M,
455,Antonio,Torres,Rodriguez,SINT-20260455,5,Regular,1,1,M,
456,Rosa,Alvarez,Molina,SINT-20260456,4,Regular,1,1,F,
457,Jorge,Hernandez,Gonzalez,SINT-20280457,8,Regular,1,1,M,
458,Fernanda,Perez,Diaz,SINT-20240458,1,Regular,1,1,F,
459,Victor,Delgado,Mendoza,SINT-20260459,4,Regular,1,1,M,
460,Juan,Delgado,Mendoza,SINT-20240460,1,Regular,1,1,M,
461,Liliana,Delgado,Rivera,SINT-20260461,4,Regular,1,1,F,
462,Natalia,Medina,Castro,SINT-20240462,1,Regular,1,1,F,
463,Laura,Flores,Gonzalez,SINT-20240463,1,Regular,1,1,F,
464,Gabriela,Jimenez,Vazquez,SINT-20240464,1,Regular,1,1,F,
465,Carmen,Rivera,Martinez,SINT-20260465,5,Regular,1,1,F,
466,Andrea,Lopez,Cruz,SINT-20270466,6,Regular,1,1,F,
467,Liliana,Martinez,Martinez,SINT-20260467,5,Regular,1,1,F,
468,Alejandra,Lopez,Mendoza,SINT-20280468,9,Regular,1,1,F,
469,Eduardo,Diaz,Torres,SINT-20250469,3,Regular,1,1,M,
470,Liliana,Rivera,Moreno,SINT-20250470,2,Regular,1,1,F,
471,Francisco,Medina,Aguilar,SINT-20280471,8,Regular,1,1,M,
472,Manuel,Diaz,Jimenez,SINT-20250472,2,Regular,1,1,M,
473,Carlos,Vazquez,Hernandez,SINT-20280473,9,Regular,1,1,M,
474,Martha,Lopez,Torres,SINT-20240474,1,Regular,1,1,F,
475,Carlos,Sanchez,Romero,SINT-20280475,9,Regular,1,1,M,
476,Liliana,Torres,Torres,SINT-20240476,1,Regular,1,1,F,
477,Pedro,Morales,Medina,SINT-20280477,8,Regular,1,1,M,
478,Paola,Reyes,Delgado,SINT-20260478,4,Regular,1,1,F,
479,Natalia,Diaz,Martinez,SINT-20280479,9,Regular,1,1,F,
480,Gabriela,Flores,Hernandez,SINT-20240480,1,Regular,1,1,F,
481,Alejandra,Ramirez,Alvarez,SINT-20260481,5,Regular,1,1,F,
482,Manuel,Lopez,Rivera,SINT-20280482,9,Regular,1,1,M,
483,Pedro,Cruz,Mendoza,SINT-20260483,4,Regular,1,1,M,
484,Valeria,Diaz,Romero,SINT-20260484,5,Regular,1,1,F,
485,Daniel,Moreno,Ortiz,SINT-20270485,6,Regular,1,1,M,
486,Valeria,Castillo,Romero,SINT-20260486,4,Regular,1,1,F,
487,Hector,Castillo,Reyes,SINT-20260487,5,Regular,1,1,M,
488,Maria,Morales,Cruz,SINT-20260488,5,Regular,1,1,F,
489,Fernando,Flores,Delgado,SINT-20280489,8,Regular,1,1,M,
490,Fernanda,Sanchez,Gonzalez,SINT-20240490,1,Regular,1,1,F,
491,Jose,Cruz,Soto,SINT-20250491,2,Regular,1,1,M,
492,Antonio,Delgado,Moreno,SINT-20280492,9,Regular,1,1,M,
493,Pablo,Flores,Castro,SINT-20280493,8,Regular,1,1,M,
494,Eduardo,Ortiz,Gonzalez,SINT-20260494,4,Regular,1,1,M,
495,Juan,Molina,Romero,SINT-20260495,5,Regular,1,1,M,
496,Oscar,Vazquez,Martinez,SINT-20250496,2,Regular,1,1,M,
497,Rosa,Castillo,Alvarez,SINT-20250497,2,Regular,1,1,F,
498,Francisco,Diaz,Cruz,SINT-20260498,4,Regular,1,1,M,
499,Daniela,Moreno,Sanchez,SINT-20250499,3,Regular,1,1,F,
500,Patricia,Castro,Molina,SINT-20260500,5,Regular,1,1,F,
501,Pedro,Castillo,Rivera,SINT-20240501,1,Regular,1,1,M,
502,Liliana,Delgado,Cruz,SINT-20280502,9,Regular,1,1,F,
503,Andrea,Torres,Reyes,SINT-20280503,9,Regular,1,1,F,
