id_alumno,id_periodo,nivel_riesgo,puntaje_riesgo,descripcion,recomendacion,atendida,modelo_version,factores_json,explicacion,estado_seguimiento,responsable_id,revisado_en
5,1,Bajo,9.1,Predicción sintética: riesgo Bajo,Mantener seguimiento normal y reforzar hábitos de estudio.,0,synthetic-v1,"[{""factor"": ""Generaci\u00f3n sint\u00e9tica"", ""peso"": 9.1, ""detalle"": ""Promedio=91.19, Reprobadas=0""}]","Promedio=91.19, Reprobadas=0, Tendencia=Estable",Pendiente,,
7,1,Bajo,13.69,Predicción sintética: riesgo Bajo,Mantener seguimiento normal y reforzar hábitos de estudio.,0,synthetic-v1,"[{""factor"": ""Generaci\u00f3n sint\u00e9tica"", ""peso"": 13.69, ""detalle"": ""Promedio=76.09, Reprobadas=1""}]","Promedio=76.09, Reprobadas=1, Tendencia=Mejora",Pendiente,,
10,1,Alto,61.5,Predicción sintética: riesgo Alto,Programar seguimiento académico prioritario y contacto con el alumno dentro de 48 horas.,0,synthetic-v1,"[{""factor"": ""Generaci\u00f3n sint\u00e9tica"", ""peso"": 61.5, ""detalle"": ""Promedio=72.97, Reprobadas=4""}]","Promedio=72.97, Reprobadas=4, Tendencia=Mejora",Pendiente,,
13,1,Bajo,20.16,Predicción sintética: riesgo Bajo,Mantener seguimiento normal y reforzar hábitos de estudio.,0,synthetic-v1,"[{""factor"": ""Generaci\u00f3n sint\u00e9tica"", ""peso"": 20.16, ""detalle"": ""Promedio=77.76, Reprobadas=2""}]","Promedio=77.76, Reprobadas=2, Tendencia=Mejora",Pendiente,,
14,1,Alto,74.7,Predicción sintética: riesgo Alto,Programar seguimiento académico prioritario y contacto con el alumno dentro de 48 horas.,0,synthetic-v1,"[{""factor"": ""Generaci\u00f3n sint\u00e9tica"", ""peso"": 74.7, ""detalle"": ""Promedio=62.28, Reprobadas=5""}]","Promedio=62.28, Reprobadas=5, Tendencia=Estable",Pendiente,,
15,1,Bajo,22.8,Predicción sintética: riesgo Bajo,Mantener seguimiento normal y reforzar hábitos de estudio.,0,synthetic-v1,"[{""factor"": ""Generaci\u00f3n sint\u00e9tica"", ""peso"": 22.8, ""detalle"": ""Promedio=78.56, Reprobadas=1""}]","Promedio=78.56, Reprobadas=1, Tendencia=Declive",Pendiente,,
19,1,Medio,41.16,Predicción sintética: riesgo Medio,Monitorear el desempeño y reforzar acompañamiento académico preventivo.,0,synthetic-v1,"[{""factor"": ""Generaci\u00f3n sint\u00e9tica"", ""peso"": 41.16, ""detalle"": ""Promedio=64.63, Reprobadas=3""}]","Promedio=64.63, Reprobadas=3, Tendencia=Mejora",Pendiente,,
23,1,Medio,46.72,Predicción sintética: riesgo Medio,Monitorear el desempeño y reforzar acompañamiento académico preventivo.,0,synthetic-v1,"[{""factor"": ""Generaci\u00f3n sint\u00e9tica"", ""peso"": 46.72, ""detalle"": ""Promedio=70.19, Reprobadas=4""}]","Promedio=70.19, Reprobadas=4, Tendencia=Mejora",Pendiente,,
24,1,Bajo,15.61,Predicción sintética: riesgo Bajo,Mantener seguimiento normal y reforzar hábitos de estudio.,0,synthetic-v1,"[{""factor"": ""Generaci\u00f3n sint\u00e9tica"", ""peso"": 15.61, ""detalle"": ""Promedio=77.49, Reprobadas=0""}]","Promedio=77.49, Reprobadas=0, Tendencia=Declive",Pendiente,,
26,1,Bajo,24.7,Predicción sintética: riesgo Bajo,Mantener seguimiento normal y reforzar hábitos de estudio.,0,synthetic-v1,"[{""factor"": ""Generaci\u00f3n sint\u00e9tica"", ""peso"": 24.7, ""detalle"": ""Promedio=71.88, Reprobadas=2""}]","Promedio=71.88, Reprobadas=2, Tendencia=Mejora",Pendiente,,
27,1,Bajo,11.44,Predicción sintética: riesgo Bajo,Mantener seguimiento normal y reforzar hábitos de estudio.,0,synthetic-v1,"[{""factor"": ""Generaci\u00f3n sint\u00e9tica"", ""peso"": 11.44, ""detalle"": ""Promedio=83.50, Reprobadas=0""}]","Promedio=83.50, Reprobadas=0, Tendencia=Mejora",Pendiente,,
33,1,Medio,25.7,Predicción sintética: riesgo Medio,Monitorear el desempeño y reforzar acompañamiento académico preventivo.,0,synthetic-v1,"[{""factor"": ""Generaci\u00f3n sint\u00e9tica"", ""peso"": 25.7, ""detalle"": ""Promedio=71.00, Reprobadas=1""}]","Promedio=71.00, Reprobadas=1, Tendencia=Mejora",Pendiente,,
35,1,Alto,54.02,Predicción sintética: riesgo Alto,Programar seguimiento académico prioritario y contacto con el alumno dentro de 48 horas.,0,synthetic-v1,"[{""factor"": ""Generaci\u00f3n sint\u00e9tica"", ""peso"": 54.02, ""detalle"": ""Promedio=67.44, Reprobadas=4""}]","Promedio=67.44, Reprobadas=4, Tendencia=Mejora",Pendiente,,
40,1,Alto,60.0,Predicción sintética: riesgo Alto,Programar seguimiento académico prioritario y contacto con el alumno dentro de 48 horas.,0,synthetic-v1,"[{""factor"": ""Generaci\u00f3n sint\u00e9tica"", ""peso"": 60.0, ""detalle"": ""Promedio=66.56, Reprobadas=5""}]","Promedio=66.56, Reprobadas=5, Tendencia=Mejora",Pendiente,,
41,1,Alto,74.7,Predicción sintética: riesgo Alto,Programar seguimiento académico prioritario y contacto con el alumno dentro de 48 horas.,0,synthetic-v1,"[{""factor"": ""Generaci\u00f3n sint\u00e9tica"", ""peso"": 74.7, ""detalle"": ""Promedio=65.78, Reprobadas=5""}]","Promedio=65.78, Reprobadas=5, Tendencia=Mejora",Pendiente,,
46,1,Critico,99.0,Predicción sintética: riesgo Critico,"Canalizar de inmediato a tutoría, coordinación y control escolar.",0,synthetic-v1,"[{""factor"": ""Generaci\u00f3n sint\u00e9tica"", ""peso"": 99.0, ""detalle"": ""Promedio=59.64, Reprobadas=8""}]","Promedio=59.64, Reprobadas=8, Tendencia=Mejora",Pendiente,,
48,1,Medio,41.16,Predicción sintética: riesgo Medio,Monitorear el desempeño y reforzar acompañamiento académico preventivo.,0,synthetic-v1,"[{""factor"": ""Generaci\u00f3n sint\u00e9tica"", ""peso"": 41.16, ""detalle"": ""Promedio=75.32, Reprobadas=3""}]","Promedio=75.32, Reprobadas=3, Tendencia=Mejora",Pendiente,,
50,1,Medio,46.72,Predicción sintética: riesgo Medio,Monitorear el desempeño y reforzar acompañamiento académico preventivo.,0,synthetic-v1,"[{""factor"": ""Generaci\u00f3n sint\u00e9tica"", ""peso"": 46.72, ""detalle"": ""Promedio=71.79, Reprobadas=4""}]","Promedio=71.79, Reprobadas=4, Tendencia=Mejora",Pendiente,,
54,1,Bajo,9.1,Predicción sintética: riesgo Bajo,Mantener seguimiento normal y reforzar hábitos de estudio.,0,synthetic-v1,"[{""factor"": ""Generaci\u00f3n sint\u00e9tica"", ""peso"": 9.1, ""detalle"": ""Promedio=79.51, Reprobadas=0""}]","Promedio=79.51, Reprobadas=0, Tendencia=Mejora",Pendiente,,
61,1,Medio,29.97,Predicción sintética: riesgo Medio,Monitorear el desempeño y reforzar acompañamiento académico preventivo.,0,synthetic-v1,"[{""factor"": ""Generaci\u00f3n sint\u00e9tica"", ""peso"": 29.97, ""detalle"": ""Promedio=75.03, Reprobadas=2""}]","Promedio=75.03, Reprobadas=2, Tendencia=Mejora",Pendiente,,
62,1,Alto,65.98,Predicción sintética: riesgo Alto,Programar seguimiento académico prioritario y contacto con el alumno dentro de 48 horas.,0,synthetic-v1,"[{""factor"": ""Generaci\u00f3n sint\u00e9tica"", ""peso"": 65.98, ""detalle"": ""Promedio=65.56, Reprobadas=3""}]","Promedio=65.56, Reprobadas=3, Tendencia=Declive",Pendiente,,
65,1,Bajo,14.3,Predicción sintética: riesgo Bajo,Mantener seguimiento normal y reforzar hábitos de estudio.,0,synthetic-v1,"[{""factor"": ""Generaci\u00f3n sint\u00e9tica"", ""peso"": 14.3, ""detalle"": ""Promedio=74.86, Reprobadas=0""}]","Promedio=74.86, Reprobadas=0, Tendencia=Estable",Pendiente,,
67,1,Critico,99.0,Predicción sintética: riesgo Critico,"Canalizar de inmediato a tutoría, coordinación y control escolar.",0,synthetic-v1,"[{""factor"": ""Generaci\u00f3n sint\u00e9tica"", ""peso"": 99.0, ""detalle"": ""Promedio=59.87, Reprobadas=9""}]","Promedio=59.87, Reprobadas=9, Tendencia=Declive",Pendiente,,
68,1,Critico,99.0,Predicción sintética: riesgo Critico,"Canalizar de inmediato a tutoría, coordinación y control escolar.",0,synthetic-v1,"[{""factor"": ""Generaci\u00f3n sint\u00e9tica"", ""peso"": 99.0, ""detalle"": ""Promedio=56.44, Reprobadas=10""}]","Promedio=56.44, Reprobadas=10, Tendencia=Mejora",Pendiente,,
70,1,Alto,74.7,Predicción sintética: riesgo Alto,Programar seguimiento académico prioritario y contacto con el alumno dentro de 48 horas.,0,synthetic-v1,"[{""factor"": ""Generaci\u00f3n sint\u00e9tica"", ""peso"": 74.7, ""detalle"": ""Promedio=66.17, Reprobadas=5""}]","Promedio=66.17, Reprobadas=5, Tendencia=Mejora",Pendiente,,
73,1,Bajo,9.1,Predicción sintética: riesgo Bajo,Mantener seguimiento normal y reforzar hábitos de estudio.,0,synthetic-v1,"[{""factor"": ""Generaci\u00f3n sint\u00e9tica"", ""peso"": 9.1, ""detalle"": ""Promedio=86.34, Reprobadas=0""}]","Promedio=86.34, Reprobadas=0, Tendencia=Mejora",Pendiente,,
78,1,Bajo,9.1,Predicción sintética: riesgo Bajo,Mantener seguimiento normal y reforzar hábitos de estudio.,0,synthetic-v1,"[{""factor"": ""Generaci\u00f3n sint\u00e9tica"", ""peso"": 9.1, ""detalle"": ""Promedio=81.62, Reprobadas=0""}]","Promedio=81.62, Reprobadas=0, Tendencia=Mejora",Pendiente,,
80,1,Bajo,13.69,Predicción sintética: riesgo Bajo,Mantener seguimiento normal y reforzar hábitos de estudio.,0,synthetic-v1,"[{""factor"": ""Generaci\u00f3n sint\u00e9tica"", ""peso"": 13.69, ""detalle"": ""Promedio=80.65, Reprobadas=1""}]","Promedio=80.65, Reprobadas=1, Tendencia=Mejora",Pendiente,,
81,1,Alto,65.98,Predicción sintética: riesgo Alto,Programar seguimiento académico prioritario y contacto con el alumno dentro de 48 horas.,0,synthetic-v1,"[{""factor"": ""Generaci\u00f3n sint\u00e9tica"", ""peso"": 65.98, ""detalle"": ""Promedio=63.95, Reprobadas=3""}]","Promedio=63.95, Reprobadas=3, Tendencia=Declive",Pendiente,,
83,1,Critico,93.54,Predicción sintética: riesgo Critico,"Canalizar de inmediato a tutoría, coordinación y control escolar.",0,synthetic-v1,"[{""factor"": ""Generaci\u00f3n sint\u00e9tica"", ""peso"": 93.54, ""detalle"": ""Promedio=57.29, Reprobadas=5""}]","Promedio=57.29, Reprobadas=5, Tendencia=Declive",Pendiente,,
88,1,Bajo,24.7,Predicción sintética: riesgo Bajo,Mantener seguimiento normal y reforzar hábitos de estudio.,0,synthetic-v1,"[{""factor"": ""Generaci\u00f3n sint\u00e9tica"", ""peso"": 24.7, ""detalle"": ""Promedio=77.99, Reprobadas=2""}]","Promedio=77.99, Reprobadas=2, Tendencia=Mejora",Pendiente,,
89,1,Medio,34.69,Predicción sintética: riesgo Medio,Monitorear el desempeño y reforzar acompañamiento académico preventivo.,0,synthetic-v1,"[{""factor"": ""Generaci\u00f3n sint\u00e9tica"", ""peso"": 34.69, ""detalle"": ""Promedio=70.46, Reprobadas=3""}]","Promedio=70.46, Reprobadas=3, Tendencia=Mejora",Pendiente,,
96,1,Bajo,9.1,Predicción sintética: riesgo Bajo,Mantener seguimiento normal y reforzar hábitos de estudio.,0,synthetic-v1,"[{""factor"": ""Generaci\u00f3n sint\u00e9tica"", ""peso"": 9.1, ""detalle"": ""Promedio=82.17, Reprobadas=0""}]","Promedio=82.17, Reprobadas=0, Tendencia=Mejora",Pendiente,,
103,1,Alto,74.7,Predicción sintética: riesgo Alto,Programar seguimiento académico prioritario y contacto con el alumno dentro de 48 horas.,0,synthetic-v1,"[{""factor"": ""Generaci\u00f3n sint\u00e9tica"", ""peso"": 74.7, ""detalle"": ""Promedio=66.62, Reprobadas=5""}]","Promedio=66.62, Reprobadas=5, Tendencia=Mejora",Pendiente,,
105,1,Bajo,20.16,Predicción sintética: riesgo Bajo,Mantener seguimiento normal y reforzar hábitos de estudio.,0,synthetic-v1,"[{""factor"": ""Generaci\u00f3n sint\u00e9tica"", ""peso"": 20.16, ""detalle"": ""Promedio=76.57, Reprobadas=2""}]","Promedio=76.57, Reprobadas=2, Tendencia=Mejora",Pendiente,,
109,1,Alto,54.02,Predicción sintética: riesgo Alto,Programar seguimiento académico prioritario y contacto con el alumno dentro de 48 horas.,0,synthetic-v1,"[{""factor"": ""Generaci\u00f3n sint\u00e9tica"", ""peso"": 54.02, ""detalle"": ""Promedio=68.65, Reprobadas=4""}]","Promedio=68.65, Reprobadas=4, Tendencia=Mejora",Pendiente,,
115,1,Critico,80.18,Predicción sintética: riesgo Critico,"Canalizar de inmediato a tutoría, coordinación y control escolar.",0,synthetic-v1,"[{""factor"": ""Generaci\u00f3n sint\u00e9tica"", ""peso"": 80.18, ""detalle"": ""Promedio=67.44, Reprobadas=6""}]","Promedio=67.44, Reprobadas=6, Tendencia=Mejora",Pendiente,,
119,1,Bajo,9.1,Predicción sintética: riesgo Bajo,Mantener seguimiento normal y reforzar hábitos de estudio.,0,synthetic-v1,"[{""factor"": ""Generaci\u00f3n sint\u00e9tica"", ""peso"": 9.1, ""detalle"": ""Promedio=83.95, Reprobadas=0""}]","Promedio=83.95, Reprobadas=0, Tendencia=Mejora",Pendiente,,
125,1,Bajo,9.1,Predicción sintética: riesgo Bajo,Mantener seguimiento normal y reforzar hábitos de estudio.,0,synthetic-v1,"[{""factor"": ""Generaci\u00f3n sint\u00e9tica"", ""peso"": 9.1, ""detalle"": ""Promedio=84.80, Reprobadas=0""}]","Promedio=84.80, Reprobadas=0, Tendencia=Mejora",Pendiente,,
127,1,Medio,25.7,Predicción sintética: riesgo Medio,Monitorear el desempeño y reforzar acompañamiento académico preventivo.,0,synthetic-v1,"[{""factor"": ""Generaci\u00f3n sint\u00e9tica"", ""peso"": 25.7, ""detalle"": ""Promedio=73.29, Reprobadas=1""}]","Promedio=73.29, Reprobadas=1, Tendencia=Mejora",Pendiente,,
130,1,Medio,28.86,Predicción sintética: riesgo Medio,Monitorear el desempeño y reforzar acompañamiento académico preventivo.,0,synthetic-v1,"[{""factor"": ""Generaci\u00f3n sint\u00e9tica"", ""peso"": 28.86, ""detalle"": ""Promedio=74.52, Reprobadas=3""}]","Promedio=74.52, Reprobadas=3, Tendencia=Mejora",Pendiente,,
132,1,Alto,61.5,Predicción sintética: riesgo Alto,Programar seguimiento académico prioritario y contacto con el alumno dentro de 48 horas.,0,synthetic-v1,"[{""factor"": ""Generaci\u00f3n sint\u00e9tica"", ""peso"": 61.5, ""detalle"": ""Promedio=69.19, Reprobadas=4""}]","Promedio=69.19, Reprobadas=4, Tendencia=Mejora",Pendiente,,
135,1,Alto,80.18,Predicción sintética: riesgo Alto,Programar seguimiento académico prioritario y contacto con el alumno dentro de 48 horas.,0,synthetic-v1,"[{""factor"": ""Generaci\u00f3n sint\u00e9tica"", ""peso"": 80.18, ""detalle"": ""Promedio=74.24, Reprobadas=6""}]","Promedio=74.24, Reprobadas=6, Tendencia=Mejora",Pendiente,,
138,1,Bajo,13.69,Predicción sintética: riesgo Bajo,Mantener seguimiento normal y reforzar hábitos de estudio.,0,synthetic-v1,"[{""factor"": ""Generaci\u00f3n sint\u00e9tica"", ""peso"": 13.69, ""detalle"": ""Promedio=87.27, Reprobadas=1""}]","Promedio=87.27, Reprobadas=1, Tendencia=Mejora",Pendiente,,
141,1,Bajo,9.1,Predicción sintética: riesgo Bajo,Mantener seguimiento normal y reforzar hábitos de estudio.,0,synthetic-v1,"[{""factor"": ""Generaci\u00f3n sint\u00e9tica"", ""peso"": 9.1, ""detalle"": ""Promedio=88.64, Reprobadas=0""}]","Promedio=88.64, Reprobadas=0, Tendencia=Mejora",Pendiente,,
142,1,Bajo,24.7,Predicción sintética: riesgo Bajo,Mantener seguimiento normal y reforzar hábitos de estudio.,0,synthetic-v1,"[{""factor"": ""Generaci\u00f3n sint\u00e9tica"", ""peso"": 24.7, ""detalle"": ""Promedio=73.68, Reprobadas=2""}]","Promedio=73.68, Reprobadas=2, Tendencia=Mejora",Pendiente,,
143,1,Medio,28.86,Predicción sintética: riesgo Medio,Monitorear el desempeño y reforzar acompañamiento académico preventivo.,0,synthetic-v1,"[{""factor"": ""Generaci\u00f3n sint\u00e9tica"", ""peso"": 28.86, ""detalle"": ""Promedio=74.10, Reprobadas=3""}]","Promedio=74.10, Reprobadas=3, Tendencia=Mejora",Pendiente,,
146,1,Medio,39.82,Predicción sintética: riesgo Medio,Monitorear el desempeño y reforzar acompañamiento académico preventivo.,0,synthetic-v1,"[{""factor"": ""Generaci\u00f3n sint\u00e9tica"", ""peso"": 39.82, ""detalle"": ""Promedio=73.45, Reprobadas=4""}]","Promedio=73.45, Reprobadas=4, Tendencia=Mejora",Pendiente,,
147,1,Medio,38.5,Predicción sintética: riesgo Medio,Monitorear el desempeño y reforzar acompañamiento académico preventivo.,0,synthetic-v1,"[{""factor"": ""Generaci\u00f3n sint\u00e9tica"", ""peso"": 38.5, ""detalle"": ""Promedio=77.16, Reprobadas=2""}]","Promedio=77.16, Reprobadas=2, Tendencia=Declive",Pendiente,,
152,1,Medio,48.16,Predicción sintética: riesgo Medio,Monitorear el desempeño y reforzar acompañamiento académico preventivo.,0,synthetic-v1,"[{""factor"": ""Generaci\u00f3n sint\u00e9tica"", ""peso"": 48.16, ""detalle"": ""Promedio=74.64, Reprobadas=3""}]","Promedio=74.64, Reprobadas=3, Tendencia=Mejora",Pendiente,,
154,1,Bajo,9.1,Predicción sintética: riesgo Bajo,Mantener seguimiento normal y reforzar hábitos de estudio.,0,synthetic-v1,"[{""factor"": ""Generaci\u00f3n sint\u00e9tica"", ""peso"": 9.1, ""detalle"": ""Promedio=81.47, Reprobadas=0""}]","Promedio=81.47, Reprobadas=0, Tendencia=Mejora",Pendiente,,
156,1,Medio,48.16,Predicción sintética: riesgo Medio,Monitorear el desempeño y reforzar acompañamiento académico preventivo.,0,synthetic-v1,"[{""factor"": ""Generaci\u00f3n sint\u00e9tica"", ""peso"": 48.16, ""detalle"": ""Promedio=74.12, Reprobadas=3""}]","Promedio=74.12, Reprobadas=3, Tendencia=Mejora",Pendiente,,
157,1,Bajo,13.69,Predicción sintética: riesgo Bajo,Mantener seguimiento normal y reforzar hábitos de estudio.,0,synthetic-v1,"[{""factor"": ""Generaci\u00f3n sint\u00e9tica"", ""peso"": 13.69, ""detalle"": ""Promedio=84.28, Reprobadas=1""}]","Promedio=84.28, Reprobadas=1, Tendencia=Mejora",Pendiente,,
158,1,Bajo,9.1,Predicción sintética: riesgo Bajo,Mantener seguimiento normal y reforzar hábitos de estudio.,0,synthetic-v1,"[{""factor"": ""Generaci\u00f3n sint\u00e9tica"", ""peso"": 9.1, ""detalle"": ""Promedio=83.80, Reprobadas=0""}]","Promedio=83.80, Reprobadas=0, Tendencia=Mejora",Pendiente,,
168,1,Medio,25.7,Predicción sintética: riesgo Medio,Monitorear el desempeño y reforzar acompañamiento académico preventivo.,0,synthetic-v1,"[{""factor"": ""Generaci\u00f3n sint\u00e9tica"", ""peso"": 25.7, ""detalle"": ""Promedio=78.59, Reprobadas=1""}]","Promedio=78.59, Reprobadas=1, Tendencia=Mejora",Pendiente,,
170,1,Bajo,17.02,Predicción sintética: riesgo Bajo,Mantener seguimiento normal y reforzar hábitos de estudio.,0,synthetic-v1,"[{""factor"": ""Generaci\u00f3n sint\u00e9tica"", ""peso"": 17.02, ""detalle"": ""Promedio=72.47, Reprobadas=1""}]","Promedio=72.47, Reprobadas=1, Tendencia=Mejora",Pendiente,,
172,1,Medio,25.7,Predicción sintética: riesgo Medio,Monitorear el desempeño y reforzar acompañamiento académico preventivo.,0,synthetic-v1,"[{""factor"": ""Generaci\u00f3n sint\u00e9tica"", ""peso"": 25.7, ""detalle"": ""Promedio=78.29, Reprobadas=1""}]","Promedio=78.29, Reprobadas=1, Tendencia=Mejora",Pendiente,,
174,1,Medio,28.86,Predicción sintética: riesgo Medio,Monitorear el desempeño y reforzar acompañamiento académico preventivo.,0,synthetic-v1,"[{""factor"": ""Generaci\u00f3n sint\u00e9tica"", ""peso"": 28.86, ""detalle"": ""Promedio=71.03, Reprobadas=3""}]","Promedio=71.03, Reprobadas=3, Tendencia=Mejora",Pendiente,,
175,1,Medio,48.16,Predicción sintética: riesgo Medio,Monitorear el desempeño y reforzar acompañamiento académico preventivo.,0,synthetic-v1,"[{""factor"": ""Generaci\u00f3n sint\u00e9tica"", ""peso"": 48.16, ""detalle"": ""Promedio=65.15, Reprobadas=3""}]","Promedio=65.15, Reprobadas=3, Tendencia=Mejora",Pendiente,,
178,1,Alto,57.0,Predicción sintética: riesgo Alto,Programar seguimiento académico prioritario y contacto con el alumno dentro de 48 horas.,0,synthetic-v1,"[{""factor"": ""Generaci\u00f3n sint\u00e9tica"", ""peso"": 57.0, ""detalle"": ""Promedio=63.67, Reprobadas=4""}]","Promedio=63.67, Reprobadas=4, Tendencia=Declive",Pendiente,,
182,1,Bajo,9.1,Predicción sintética: riesgo Bajo,Mantener seguimiento normal y reforzar hábitos de estudio.,0,synthetic-v1,"[{""factor"": ""Generaci\u00f3n sint\u00e9tica"", ""peso"": 9.1, ""detalle"": ""Promedio=89.84, Reprobadas=0""}]","Promedio=89.84, Reprobadas=0, Tendencia=Mejora",Pendiente,,
191,1,Bajo,22.8,Predicción sintética: riesgo Bajo,Mantener seguimiento normal y reforzar hábitos de estudio.,0,synthetic-v1,"[{""factor"": ""Generaci\u00f3n sint\u00e9tica"", ""peso"": 22.8, ""detalle"": ""Promedio=81.58, Reprobadas=1""}]","Promedio=81.58, Reprobadas=1, Tendencia=Declive",Pendiente,,
194,1,Alto,52.54,Predicción sintética: riesgo Alto,Programar seguimiento académico prioritario y contacto con el alumno dentro de 48 horas.,0,synthetic-v1,"[{""factor"": ""Generaci\u00f3n sint\u00e9tica"", ""peso"": 52.54, ""detalle"": ""Promedio=74.53, Reprobadas=2""}]","Promedio=74.53, Reprobadas=2, Tendencia=Declive",Pendiente,,
195,1,Bajo,13.69,Predicción sintética: riesgo Bajo,Mantener seguimiento normal y reforzar hábitos de estudio.,0,synthetic-v1,"[{""factor"": ""Generaci\u00f3n sint\u00e9tica"", ""peso"": 13.69, ""detalle"": ""Promedio=74.18, Reprobadas=1""}]","Promedio=74.18, Reprobadas=1, Tendencia=Estable",Pendiente,,
196,1,Bajo,9.1,Predicción sintética: riesgo Bajo,Mantener seguimiento normal y reforzar hábitos de estudio.,0,synthetic-v1,"[{""factor"": ""Generaci\u00f3n sint\u00e9tica"", ""peso"": 9.1, ""detalle"": ""Promedio=82.59, Reprobadas=0""}]","Promedio=82.59, Reprobadas=0, Tendencia=Mejora",Pendiente,,
197,1,Bajo,13.69,Predicción sintética: riesgo Bajo,Mantener seguimiento normal y reforzar hábitos de estudio.,0,synthetic-v1,"[{""factor"": ""Generaci\u00f3n sint\u00e9tica"", ""peso"": 13.69, ""detalle"": ""Promedio=79.47, Reprobadas=1""}]","Promedio=79.47, Reprobadas=1, Tendencia=Mejora",Pendiente,,
200,1,Bajo,15.61,Predicción sintética: riesgo Bajo,Mantener seguimiento normal y reforzar hábitos de estudio.,0,synthetic-v1,"[{""factor"": ""Generaci\u00f3n sint\u00e9tica"", ""peso"": 15.61, ""detalle"": ""Promedio=82.55, Reprobadas=0""}]","Promedio=82.55, Reprobadas=0, Tendencia=Declive",Pendiente,,
201,1,Bajo,20.16,Predicción sintética: riesgo Bajo,Mantener seguimiento normal y reforzar hábitos de estudio.,0,synthetic-v1,"[{""factor"": ""Generaci\u00f3n sint\u00e9tica"", ""peso"": 20.16, ""detalle"": ""Promedio=74.91, Reprobadas=2""}]","Promedio=74.91, Reprobadas=2, Tendencia=Mejora",Pendiente,,
204,1,Medio,28.86,Predicción sintética: riesgo Medio,Monitorear el desempeño y reforzar acompañamiento académico preventivo.,0,synthetic-v1,"[{""factor"": ""Generaci\u00f3n sint\u00e9tica"", ""peso"": 28.86, ""detalle"": ""Promedio=68.50, Reprobadas=3""}]","Promedio=68.50, Reprobadas=3, Tendencia=Mejora",Pendiente,,
205,1,Alto,74.7,Predicción sintética: riesgo Alto,Programar seguimiento académico prioritario y contacto con el alumno dentro de 48 horas.,0,synthetic-v1,"[{""factor"": ""Generaci\u00f3n sint\u00e9tica"", ""peso"": 74.7, ""detalle"": ""Promedio=63.84, Reprobadas=5""}]","Promedio=63.84, Reprobadas=5, Tendencia=Mejora",Pendiente,,
207,1,Bajo,9.1,Predicción sintética: riesgo Bajo,Mantener seguimiento normal y reforzar hábitos de estudio.,0,synthetic-v1,"[{""factor"": ""Generaci\u00f3n sint\u00e9tica"", ""peso"": 9.1, ""detalle"": ""Promedio=76.39, Reprobadas=0""}]","Promedio=76.39, Reprobadas=0, Tendencia=Mejora",Pendiente,,
208,1,Medio,28.86,Predicción sintética: riesgo Medio,Monitorear el desempeño y reforzar acompañamiento académico preventivo.,0,synthetic-v1,"[{""factor"": ""Generaci\u00f3n sint\u00e9tica"", ""peso"": 28.86, ""detalle"": ""Promedio=64.26, Reprobadas=3""}]","Promedio=64.26, Reprobadas=3, Tendencia=Mejora",Pendiente,,
210,1,Critico,98.99,Predicción sintética: riesgo Critico,"Canalizar de inmediato a tutoría, coordinación y control escolar.",0,synthetic-v1,"[{""factor"": ""Generaci\u00f3n sint\u00e9tica"", ""peso"": 98.99, ""detalle"": ""Promedio=73.27, Reprobadas=6""}]","Promedio=73.27, Reprobadas=6, Tendencia=Declive",Pendiente,,
211,1,Bajo,15.61,Predicción sintética: riesgo Bajo,Mantener seguimiento normal y reforzar hábitos de estudio.,0,synthetic-v1,"[{""factor"": ""Generaci\u00f3n sint\u00e9tica"", ""peso"": 15.61, ""detalle"": ""Promedio=89.91, Reprobadas=0""}]","Promedio=89.91, Reprobadas=0, Tendencia=Declive",Pendiente,,
215,1,Bajo,9.1,Predicción sintética: riesgo Bajo,Mantener seguimiento normal y reforzar hábitos de estudio.,0,synthetic-v1,"[{""factor"": ""Generaci\u00f3n sint\u00e9tica"", ""peso"": 9.1, ""detalle"": ""Promedio=81.10, Reprobadas=0""}]","Promedio=81.10, Reprobadas=0, Tendencia=Mejora",Pendiente,,
218,1,Bajo,9.1,Predicción sintética: riesgo Bajo,Mantener seguimiento normal y reforzar hábitos de estudio.,0,synthetic-v1,"[{""factor"": ""Generaci\u00f3n sint\u00e9tica"", ""peso"": 9.1, ""detalle"": ""Promedio=79.20, Reprobadas=0""}]","Promedio=79.20, Reprobadas=0, Tendencia=Mejora",Pendiente,,
219,1,Bajo,21.01,Predicción sintética: riesgo Bajo,Mantener seguimiento normal y reforzar hábitos de estudio.,0,synthetic-v1,"[{""factor"": ""Generaci\u00f3n sint\u00e9tica"", ""peso"": 21.01, ""detalle"": ""Promedio=77.92, Reprobadas=1""}]","Promedio=77.92, Reprobadas=1, Tendencia=Mejora",Pendiente,,
220,1,Alto,51.07,Predicción sintética: riesgo Alto,Programar seguimiento académico prioritario y contacto con el alumno dentro de 48 horas.,0,synthetic-v1,"[{""factor"": ""Generaci\u00f3n sint\u00e9tica"", ""peso"": 51.07, ""detalle"": ""Promedio=70.58, Reprobadas=3""}]","Promedio=70.58, Reprobadas=3, Tendencia=Declive",Pendiente,,
222,1,Bajo,20.16,Predicción sintética: riesgo Bajo,Mantener seguimiento normal y reforzar hábitos de estudio.,0,synthetic-v1,"[{""factor"": ""Generaci\u00f3n sint\u00e9tica"", ""peso"": 20.16, ""detalle"": ""Promedio=74.22, Reprobadas=2""}]","Promedio=74.22, Reprobadas=2, Tendencia=Mejora",Pendiente,,
223,1,Bajo,9.1,Predicción sintética: riesgo Bajo,Mantener seguimiento normal y reforzar hábitos de estudio.,0,synthetic-v1,"[{""factor"": ""Generaci\u00f3n sint\u00e9tica"", ""peso"": 9.1, ""detalle"": ""Promedio=79.60, Reprobadas=0""}]","Promedio=79.60, Reprobadas=0, Tendencia=Mejora",Pendiente,,
226,1,Alto,61.5,Predicción sintética: riesgo Alto,Programar seguimiento académico prioritario y contacto con el alumno dentro de 48 horas.,0,synthetic-v1,"[{""factor"": ""Generaci\u00f3n sint\u00e9tica"", ""peso"": 61.5, ""detalle"": ""Promedio=77.10, Reprobadas=4""}]","Promedio=77.10, Reprobadas=4, Tendencia=Mejora",Pendiente,,
232,1,Bajo,9.1,Predicción sintética: riesgo Bajo,Mantener seguimiento normal y reforzar hábitos de estudio.,0,synthetic-v1,"[{""factor"": ""Generaci\u00f3n sint\u00e9tica"", ""peso"": 9.1, ""detalle"": ""Promedio=86.25, Reprobadas=0""}]","Promedio=86.25, Reprobadas=0, Tendencia=Mejora",Pendiente,,
237,1,Medio,39.82,Predicción sintética: riesgo Medio,Monitorear el desempeño y reforzar acompañamiento académico preventivo.,0,synthetic-v1,"[{""factor"": ""Generaci\u00f3n sint\u00e9tica"", ""peso"": 39.82, ""detalle"": ""Promedio=73.95, Reprobadas=4""}]","Promedio=73.95, Reprobadas=4, Tendencia=Mejora",Pendiente,,
238,1,Alto,54.02,Predicción sintética: riesgo Alto,Programar seguimiento académico prioritario y contacto con el alumno dentro de 48 horas.,0,synthetic-v1,"[{""factor"": ""Generaci\u00f3n sint\u00e9tica"", ""peso"": 54.02, ""detalle"": ""Promedio=69.23, Reprobadas=4""}]","Promedio=69.23, Reprobadas=4, Tendencia=Mejora",Pendiente,,
243,1,Medio,29.97,Predicción sintética: riesgo Medio,Monitorear el desempeño y reforzar acompañamiento académico preventivo.,0,synthetic-v1,"[{""factor"": ""Generaci\u00f3n sint\u00e9tica"", ""peso"": 29.97, ""detalle"": ""Promedio=72.77, Reprobadas=2""}]","Promedio=72.77, Reprobadas=2, Tendencia=Mejora",Pendiente,,
244,1,Bajo,9.1,Predicción sintética: riesgo Bajo,Mantener seguimiento normal y reforzar hábitos de estudio.,0,synthetic-v1,"[{""factor"": ""Generaci\u00f3n sint\u00e9tica"", ""peso"": 9.1, ""detalle"": ""Promedio=77.65, Reprobadas=0""}]","Promedio=77.65, Reprobadas=0, Tendencia=Estable",Pendiente,,
246,1,Bajo,9.1,Predicción sintética: riesgo Bajo,Mantener seguimiento normal y reforzar hábitos de estudio.,0,synthetic-v1,"[{""factor"": ""Generaci\u00f3n sint\u00e9tica"", ""peso"": 9.1, ""detalle"": ""Promedio=87.37, Reprobadas=0""}]","Promedio=87.37, Reprobadas=0, Tendencia=Mejora",Pendiente,,
248,1,Alto,61.5,Predicción sintética: riesgo Alto,Programar seguimiento académico prioritario y contacto con el alumno dentro de 48 horas.,0,synthetic-v1,"[{""factor"": ""Generaci\u00f3n sint\u00e9tica"", ""peso"": 61.5, ""detalle"": ""Promedio=64.89, Reprobadas=4""}]","Promedio=64.89, Reprobadas=4, Tendencia=Mejora",Pendiente,,
255,1,Bajo,19.33,Predicción sintética: riesgo Bajo,Mantener seguimiento normal y reforzar hábitos de estudio.,0,synthetic-v1,"[{""factor"": ""Generaci\u00f3n sint\u00e9tica"", ""peso"": 19.33, ""detalle"": ""Promedio=76.78, Reprobadas=0""}]","Promedio=76.78, Reprobadas=0, Tendencia=Declive",Pendiente,,
259,1,Bajo,9.1,Predicción sintética: riesgo Bajo,Mantener seguimiento normal y reforzar hábitos de estudio.,0,synthetic-v1,"[{""factor"": ""Generaci\u00f3n sint\u00e9tica"", ""peso"": 9.1, ""detalle"": ""Promedio=82.31, Reprobadas=0""}]","Promedio=82.31, Reprobadas=0, Tendencia=Mejora",Pendiente,,
260,1,Bajo,15.61,Predicción sintética: riesgo Bajo,Mantener seguimiento normal y reforzar hábitos de estudio.,0,synthetic-v1,"[{""factor"": ""Generaci\u00f3n sint\u00e9tica"", ""peso"": 15.61, ""detalle"": ""Promedio=81.32, Reprobadas=0""}]","Promedio=81.32, Reprobadas=0, Tendencia=Declive",Pendiente,,
262,1,Bajo,20.16,Predicción sintética: riesgo Bajo,Mantener seguimiento normal y reforzar hábitos de estudio.,0,synthetic-v1,"[{""factor"": ""Generaci\u00f3n sint\u00e9tica"", ""peso"": 20.16, ""detalle"": ""Promedio=79.46, Reprobadas=2""}]","Promedio=79.46, Reprobadas=2, Tendencia=Mejora",Pendiente,,
266,1,Bajo,17.77,Predicción sintética: riesgo Bajo,Mantener seguimiento normal y reforzar hábitos de estudio.,0,synthetic-v1,"[{""factor"": ""Generaci\u00f3n sint\u00e9tica"", ""peso"": 17.77, ""detalle"": ""Promedio=84.49, Reprobadas=0""}]","Promedio=84.49, Reprobadas=0, Tendencia=Mejora",Pendiente,,
271,1,Bajo,9.1,Predicción sintética: riesgo Bajo,Mantener seguimiento normal y reforzar hábitos de estudio.,0,synthetic-v1,"[{""factor"": ""Generaci\u00f3n sint\u00e9tica"", ""peso"": 9.1, ""detalle"": ""Promedio=77.34, Reprobadas=0""}]","Promedio=77.34, Reprobadas=0, Tendencia=Mejora",Pendiente,,
274,1,Bajo,9.1,Predicción sintética: riesgo Bajo,Mantener seguimiento normal y reforzar hábitos de estudio.,0,synthetic-v1,"[{""factor"": ""Generaci\u00f3n sint\u00e9tica"", ""peso"": 9.1, ""detalle"": ""Promedio=82.87, Reprobadas=0""}]","Promedio=82.87, Reprobadas=0, Tendencia=Mejora",Pendiente,,
275,1,Bajo,13.69,Predicción sintética: riesgo Bajo,Mantener seguimiento normal y reforzar hábitos de estudio.,0,synthetic-v1,"[{""factor"": ""Generaci\u00f3n sint\u00e9tica"", ""peso"": 13.69, ""detalle"": ""Promedio=86.15, Reprobadas=1""}]","Promedio=86.15, Reprobadas=1, Tendencia=Mejora",Pendiente,,
277,1,Bajo,9.1,Predicción sintética: riesgo Bajo,Mantener seguimiento normal y reforzar hábitos de estudio.,0,synthetic-v1,"[{""factor"": ""Generaci\u00f3n sint\u00e9tica"", ""peso"": 9.1, ""detalle"": ""Promedio=78.00, Reprobadas=0""}]","Promedio=78.00, Reprobadas=0, Tendencia=Mejora",Pendiente,,
278,1,Bajo,20.16,Predicción sintética: riesgo Bajo,Mantener seguimiento normal y reforzar hábitos de estudio.,0,synthetic-v1,"[{""factor"": ""Generaci\u00f3n sint\u00e9tica"", ""peso"": 20.16, ""detalle"": ""Promedio=73.14, Reprobadas=2""}]","Promedio=73.14, Reprobadas=2, Tendencia=Mejora",Pendiente,,
281,1,Bajo,15.61,Predicción sintética: riesgo Bajo,Mantener seguimiento normal y reforzar hábitos de estudio.,0,synthetic-v1,"[{""factor"": ""Generaci\u00f3n sint\u00e9tica"", ""peso"": 15.61, ""detalle"": ""Promedio=95.25, Reprobadas=0""}]","Promedio=95.25, Reprobadas=0, Tendencia=Declive",Pendiente,,
289,1,Critico,90.03,Predicción sintética: riesgo Critico,"Canalizar de inmediato a tutoría, coordinación y control escolar.",0,synthetic-v1,"[{""factor"": ""Generaci\u00f3n sint\u00e9tica"", ""peso"": 90.03, ""detalle"": ""Promedio=63.82, Reprobadas=5""}]","Promedio=63.82, Reprobadas=5, Tendencia=Declive",Pendiente,,
290,1,Medio,32.27,Predicción sintética: riesgo Medio,Monitorear el desempeño y reforzar acompañamiento académico preventivo.,0,synthetic-v1,"[{""factor"": ""Generaci\u00f3n sint\u00e9tica"", ""peso"": 32.27, ""detalle"": ""Promedio=75.96, Reprobadas=2""}]","Promedio=75.96, Reprobadas=2, Tendencia=Declive",Pendiente,,
294,1,Alto,61.5,Predicción sintética: riesgo Alto,Programar seguimiento académico prioritario y contacto con el alumno dentro de 48 horas.,0,synthetic-v1,"[{""factor"": ""Generaci\u00f3n sint\u00e9tica"", ""peso"": 61.5, ""detalle"": ""Promedio=68.18, Reprobadas=4""}]","Promedio=68.18, Reprobadas=4, Tendencia=Mejora",Pendiente,,
295,1,Medio,48.16,Predicción sintética: riesgo Medio,Monitorear el desempeño y reforzar acompañamiento académico preventivo.,0,synthetic-v1,"[{""factor"": ""Generaci\u00f3n sint\u00e9tica"", ""peso"": 48.16, ""detalle"": ""Promedio=71.04, Reprobadas=3""}]","Promedio=71.04, Reprobadas=3, Tendencia=Mejora",Pendiente,,
299,1,Medio,28.86,Predicción sintética: riesgo Medio,Monitorear el desempeño y reforzar acompañamiento académico preventivo.,0,synthetic-v1,"[{""factor"": ""Generaci\u00f3n sint\u00e9tica"", ""peso"": 28.86, ""detalle"": ""Promedio=74.60, Reprobadas=3""}]","Promedio=74.60, Reprobadas=3, Tendencia=Mejora",Pendiente,,
302,1,Bajo,9.1,Predicción sintética: riesgo Bajo,Mantener seguimiento normal y reforzar hábitos de estudio.,0,synthetic-v1,"[{""factor"": ""Generaci\u00f3n sint\u00e9tica"", ""peso"": 9.1, ""detalle"": ""Promedio=73.81, Reprobadas=0""}]","Promedio=73.81, Reprobadas=0, Tendencia=Mejora",Pendiente,,
303,1,Medio,35.93,Predicción sintética: riesgo Medio,Monitorear el desempeño y reforzar acompañamiento académico preventivo.,0,synthetic-v1,"[{""factor"": ""Generaci\u00f3n sint\u00e9tica"", ""peso"": 35.93, ""detalle"": ""Promedio=71.62, Reprobadas=2""}]","Promedio=71.62, Reprobadas=2, Tendencia=Mejora",Pendiente,,
306,1,Bajo,13.69,Predicción sintética: riesgo Bajo,Mantener seguimiento normal y reforzar hábitos de estudio.,0,synthetic-v1,"[{""factor"": ""Generaci\u00f3n sint\u00e9tica"", ""peso"": 13.69, ""detalle"": ""Promedio=86.43, Reprobadas=1""}]","Promedio=86.43, Reprobadas=1, Tendencia=Mejora",Pendiente,,
309,1,Bajo,13.69,Predicción sintética: riesgo Bajo,Mantener seguimiento normal y reforzar hábitos de estudio.,0,synthetic-v1,"[{""factor"": ""Generaci\u00f3n sint\u00e9tica"", ""peso"": 13.69, ""detalle"": ""Promedio=75.26, Reprobadas=1""}]","Promedio=75.26, Reprobadas=1, Tendencia=Mejora",Pendiente,,
312,1,Bajo,9.1,Predicción sintética: riesgo Bajo,Mantener seguimiento normal y reforzar hábitos de estudio.,0,synthetic-v1,"[{""factor"": ""Generaci\u00f3n sint\u00e9tica"", ""peso"": 9.1, ""detalle"": ""Promedio=88.67, Reprobadas=0""}]","Promedio=88.67, Reprobadas=0, Tendencia=Mejora",Pendiente,,
315,1,Alto,74.7,Predicción sintética: riesgo Alto,Programar seguimiento académico prioritario y contacto con el alumno dentro de 48 horas.,0,synthetic-v1,"[{""factor"": ""Generaci\u00f3n sint\u00e9tica"", ""peso"": 74.7, ""detalle"": ""Promedio=65.79, Reprobadas=5""}]","Promedio=65.79, Reprobadas=5, Tendencia=Mejora",Pendiente,,
317,1,Bajo,9.1,Predicción sintética: riesgo Bajo,Mantener seguimiento normal y reforzar hábitos de estudio.,0,synthetic-v1,"[{""factor"": ""Generaci\u00f3n sint\u00e9tica"", ""peso"": 9.1, ""detalle"": ""Promedio=87.75, Reprobadas=0""}]","Promedio=87.75, Reprobadas=0, Tendencia=Mejora",Pendiente,,
320,1,Bajo,19.33,Predicción sintética: riesgo Bajo,Mantener seguimiento normal y reforzar hábitos de estudio.,0,synthetic-v1,"[{""factor"": ""Generaci\u00f3n sint\u00e9tica"", ""peso"": 19.33, ""detalle"": ""Promedio=86.40, Reprobadas=0""}]","Promedio=86.40, Reprobadas=0, Tendencia=Declive",Pendiente,,
332,1,Alto,51.07,Predicción sintética: riesgo Alto,Programar seguimiento académico prioritario y contacto con el alumno dentro de 48 horas.,0,synthetic-v1,"[{""factor"": ""Generaci\u00f3n sint\u00e9tica"", ""peso"": 51.07, ""detalle"": ""Promedio=70.92, Reprobadas=3""}]","Promedio=70.92, Reprobadas=3, Tendencia=Declive",Pendiente,,
336,1,Medio,48.16,Predicción sintética: riesgo Medio,Monitorear el desempeño y reforzar acompañamiento académico preventivo.,0,synthetic-v1,"[{""factor"": ""Generaci\u00f3n sint\u00e9tica"", ""peso"": 48.16, ""detalle"": ""Promedio=74.83, Reprobadas=3""}]","Promedio=74.83, Reprobadas=3, Tendencia=Mejora",Pendiente,,
337,1,Alto,65.98,Predicción sintética: riesgo Alto,Programar seguimiento académico prioritario y contacto con el alumno dentro de 48 horas.,0,synthetic-v1,"[{""factor"": ""Generaci\u00f3n sint\u00e9tica"", ""peso"": 65.98, ""detalle"": ""Promedio=66.95, Reprobadas=3""}]","Promedio=66.95, Reprobadas=3, Tendencia=Declive",Pendiente,,
340,1,Medio,32.27,Predicción sintética: riesgo Medio,Monitorear el desempeño y reforzar acompañamiento académico preventivo.,0,synthetic-v1,"[{""factor"": ""Generaci\u00f3n sint\u00e9tica"", ""peso"": 32.27, ""detalle"": ""Promedio=79.46, Reprobadas=2""}]","Promedio=79.46, Reprobadas=2, Tendencia=Declive",Pendiente,,
344,1,Medio,28.86,Predicción sintética: riesgo Medio,Monitorear el desempeño y reforzar acompañamiento académico preventivo.,0,synthetic-v1,"[{""factor"": ""Generaci\u00f3n sint\u00e9tica"", ""peso"": 28.86, ""detalle"": ""Promedio=76.29, Reprobadas=3""}]","Promedio=76.29, Reprobadas=3, Tendencia=Mejora",Pendiente,,
346,1,Bajo,23.74,Predicción sintética: riesgo Bajo,Mantener seguimiento normal y reforzar hábitos de estudio.,0,synthetic-v1,"[{""factor"": ""Generaci\u00f3n sint\u00e9tica"", ""peso"": 23.74, ""detalle"": ""Promedio=80.99, Reprobadas=0""}]","Promedio=80.99, Reprobadas=0, Tendencia=Declive",Pendiente,,
350,1,Bajo,9.1,Predicción sintética: riesgo Bajo,Mantener seguimiento normal y reforzar hábitos de estudio.,0,synthetic-v1,"[{""factor"": ""Generaci\u00f3n sint\u00e9tica"", ""peso"": 9.1, ""detalle"": ""Promedio=79.41, Reprobadas=0""}]","Promedio=79.41, Reprobadas=0, Tendencia=Mejora",Pendiente,,
351,1,Alto,74.7,Predicción sintética: riesgo Alto,Programar seguimiento académico prioritario y contacto con el alumno dentro de 48 horas.,0,synthetic-v1,"[{""factor"": ""Generaci\u00f3n sint\u00e9tica"", ""peso"": 74.7, ""detalle"": ""Promedio=63.46, Reprobadas=5""}]","Promedio=63.46, Reprobadas=5, Tendencia=Estable",Pendiente,,
353,1,Bajo,20.16,Predicción sintética: riesgo Bajo,Mantener seguimiento normal y reforzar hábitos de estudio.,0,synthetic-v1,"[{""factor"": ""Generaci\u00f3n sint\u00e9tica"", ""peso"": 20.16, ""detalle"": ""Promedio=75.02, Reprobadas=2""}]","Promedio=75.02, Reprobadas=2, Tendencia=Mejora",Pendiente,,
354,1,Alto,52.54,Predicción sintética: riesgo Alto,Programar seguimiento académico prioritario y contacto con el alumno dentro de 48 horas.,0,synthetic-v1,"[{""factor"": ""Generaci\u00f3n sint\u00e9tica"", ""peso"": 52.54, ""detalle"": ""Promedio=63.91, Reprobadas=5""}]","Promedio=63.91, Reprobadas=5, Tendencia=Mejora",Pendiente,,
355,1,Bajo,9.1,Predicción sintética: riesgo Bajo,Mantener seguimiento normal y reforzar hábitos de estudio.,0,synthetic-v1,"[{""factor"": ""Generaci\u00f3n sint\u00e9tica"", ""peso"": 9.1, ""detalle"": ""Promedio=91.91, Reprobadas=0""}]","Promedio=91.91, Reprobadas=0, Tendencia=Mejora",Pendiente,,
357,1,Critico,87.68,Predicción sintética: riesgo Critico,"Canalizar de inmediato a tutoría, coordinación y control escolar.",0,synthetic-v1,"[{""factor"": ""Generaci\u00f3n sint\u00e9tica"", ""peso"": 87.68, ""detalle"": ""Promedio=55.03, Reprobadas=6""}]","Promedio=55.03, Reprobadas=6, Tendencia=Mejora",Pendiente,,
358,1,Medio,48.16,Predicción sintética: riesgo Medio,Monitorear el desempeño y reforzar acompañamiento académico preventivo.,0,synthetic-v1,"[{""factor"": ""Generaci\u00f3n sint\u00e9tica"", ""peso"": 48.16, ""detalle"": ""Promedio=81.04, Reprobadas=3""}]","Promedio=81.04, Reprobadas=3, Tendencia=Mejora",Pendiente,,
360,1,Medio,35.93,Predicción sintética: riesgo Medio,Monitorear el desempeño y reforzar acompañamiento académico preventivo.,0,synthetic-v1,"[{""factor"": ""Generaci\u00f3n sint\u00e9tica"", ""peso"": 35.93, ""detalle"": ""Promedio=74.02, Reprobadas=2""}]","Promedio=74.02, Reprobadas=2, Tendencia=Mejora",Pendiente,,
364,1,Medio,34.69,Predicción sintética: riesgo Medio,Monitorear el desempeño y reforzar acompañamiento académico preventivo.,0,synthetic-v1,"[{""factor"": ""Generaci\u00f3n sint\u00e9tica"", ""peso"": 34.69, ""detalle"": ""Promedio=68.55, Reprobadas=3""}]","Promedio=68.55, Reprobadas=3, Tendencia=Mejora",Pendiente,,
365,1,Critico,78.84,Predicción sintética: riesgo Critico,"Canalizar de inmediato a tutoría, coordinación y control escolar.",0,synthetic-v1,"[{""factor"": ""Generaci\u00f3n sint\u00e9tica"", ""peso"": 78.84, ""detalle"": ""Promedio=60.39, Reprobadas=7""}]","Promedio=60.39, Reprobadas=7, Tendencia=Mejora",Pendiente,,
367,1,Medio,32.27,Predicción sintética: riesgo Medio,Monitorear el desempeño y reforzar acompañamiento académico preventivo.,0,synthetic-v1,"[{""factor"": ""Generaci\u00f3n sint\u00e9tica"", ""peso"": 32.27, ""detalle"": ""Promedio=78.40, Reprobadas=2""}]","Promedio=78.40, Reprobadas=2, Tendencia=Declive",Pendiente,,
372,1,Medio,29.97,Predicción sintética: riesgo Medio,Monitorear el desempeño y reforzar acompañamiento académico preventivo.,0,synthetic-v1,"[{""factor"": ""Generaci\u00f3n sint\u00e9tica"", ""peso"": 29.97, ""detalle"": ""Promedio=75.51, Reprobadas=2""}]","Promedio=75.51, Reprobadas=2, Tendencia=Mejora",Pendiente,,
373,1,Critico,96.26,Predicción sintética: riesgo Critico,"Canalizar de inmediato a tutoría, coordinación y control escolar.",0,synthetic-v1,"[{""factor"": ""Generaci\u00f3n sint\u00e9tica"", ""peso"": 96.26, ""detalle"": ""Promedio=61.41, Reprobadas=7""}]","Promedio=61.41, Reprobadas=7, Tendencia=Mejora",Pendiente,,
375,1,Medio,35.93,Predicción sintética: riesgo Medio,Monitorear el desempeño y reforzar acompañamiento académico preventivo.,0,synthetic-v1,"[{""factor"": ""Generaci\u00f3n sint\u00e9tica"", ""peso"": 35.93, ""detalle"": ""Promedio=84.59, Reprobadas=2""}]","Promedio=84.59, Reprobadas=2, Tendencia=Mejora",Pendiente,,
376,1,Medio,48.16,Predicción sintética: riesgo Medio,Monitorear el desempeño y reforzar acompañamiento académico preventivo.,0,synthetic-v1,"[{""factor"": ""Generaci\u00f3n sint\u00e9tica"", ""peso"": 48.16, ""detalle"": ""Promedio=79.29, Reprobadas=3""}]","Promedio=79.29, Reprobadas=3, Tendencia=Mejora",Pendiente,,
377,1,Bajo,22.8,Predicción sintética: riesgo Bajo,Mantener seguimiento normal y reforzar hábitos de estudio.,0,synthetic-v1,"[{""factor"": ""Generaci\u00f3n sint\u00e9tica"", ""peso"": 22.8, ""detalle"": ""Promedio=74.02, Reprobadas=1""}]","Promedio=74.02, Reprobadas=1, Tendencia=Declive",Pendiente,,
378,1,Critico,99.0,Predicción sintética: riesgo Critico,"Canalizar de inmediato a tutoría, coordinación y control escolar.",0,synthetic-v1,"[{""factor"": ""Generaci\u00f3n sint\u00e9tica"", ""peso"": 99.0, ""detalle"": ""Promedio=60.84, Reprobadas=8""}]","Promedio=60.84, Reprobadas=8, Tendencia=Mejora",Pendiente,,
381,1,Bajo,17.77,Predicción sintética: riesgo Bajo,Mantener seguimiento normal y reforzar hábitos de estudio.,0,synthetic-v1,"[{""factor"": ""Generaci\u00f3n sint\u00e9tica"", ""peso"": 17.77, ""detalle"": ""Promedio=80.41, Reprobadas=0""}]","Promedio=80.41, Reprobadas=0, Tendencia=Mejora",Pendiente,,
383,1,Critico,99.0,Predicción sintética: riesgo Critico,"Canalizar de inmediato a tutoría, coordinación y control escolar.",0,synthetic-v1,"[{""factor"": ""Generaci\u00f3n sint\u00e9tica"", ""peso"": 99.0, ""detalle"": ""Promedio=61.13, Reprobadas=7""}]","Promedio=61.13, Reprobadas=7, Tendencia=Declive",Pendiente,,
384,1,Medio,48.16,Predicción sintética: riesgo Medio,Monitorear el desempeño y reforzar acompañamiento académico preventivo.,0,synthetic-v1,"[{""factor"": ""Generaci\u00f3n sint\u00e9tica"", ""peso"": 48.16, ""detalle"": ""Promedio=64.91, Reprobadas=3""}]","Promedio=64.91, Reprobadas=3, Tendencia=Mejora",Pendiente,,
390,1,Medio,33.47,Predicción sintética: riesgo Medio,Monitorear el desempeño y reforzar acompañamiento académico preventivo.,0,synthetic-v1,"[{""factor"": ""Generaci\u00f3n sint\u00e9tica"", ""peso"": 33.47, ""detalle"": ""Promedio=78.11, Reprobadas=1""}]","Promedio=78.11, Reprobadas=1, Tendencia=Declive",Pendiente,,
391,1,Alto,71.84,Predicción sintética: riesgo Alto,Programar seguimiento académico prioritario y contacto con el alumno dentro de 48 horas.,0,synthetic-v1,"[{""factor"": ""Generaci\u00f3n sint\u00e9tica"", ""peso"": 71.84, ""detalle"": ""Promedio=75.44, Reprobadas=4""}]","Promedio=75.44, Reprobadas=4, Tendencia=Declive",Pendiente,,
393,1,Bajo,13.69,Predicción sintética: riesgo Bajo,Mantener seguimiento normal y reforzar hábitos de estudio.,0,synthetic-v1,"[{""factor"": ""Generaci\u00f3n sint\u00e9tica"", ""peso"": 13.69, ""detalle"": ""Promedio=83.62, Reprobadas=1""}]","Promedio=83.62, Reprobadas=1, Tendencia=Mejora",Pendiente,,
397,1,Medio,28.86,Predicción sintética: riesgo Medio,Monitorear el desempeño y reforzar acompañamiento académico preventivo.,0,synthetic-v1,"[{""factor"": ""Generaci\u00f3n sint\u00e9tica"", ""peso"": 28.86, ""detalle"": ""Promedio=71.70, Reprobadas=3""}]","Promedio=71.70, Reprobadas=3, Tendencia=Mejora",Pendiente,,
399,1,Bajo,20.16,Predicción sintética: riesgo Bajo,Mantener seguimiento normal y reforzar hábitos de estudio.,0,synthetic-v1,"[{""factor"": ""Generaci\u00f3n sint\u00e9tica"", ""peso"": 20.16, ""detalle"": ""Promedio=78.66, Reprobadas=2""}]","Promedio=78.66, Reprobadas=2, Tendencia=Mejora",Pendiente,,
400,1,Bajo,13.69,Predicción sintética: riesgo Bajo,Mantener seguimiento normal y reforzar hábitos de estudio.,0,synthetic-v1,"[{""factor"": ""Generaci\u00f3n sint\u00e9tica"", ""peso"": 13.69, ""detalle"": ""Promedio=75.60, Reprobadas=1""}]","Promedio=75.60, Reprobadas=1, Tendencia=Mejora",Pendiente,,
404,1,Medio,39.82,Predicción sintética: riesgo Medio,Monitorear el desempeño y reforzar acompañamiento académico preventivo.,0,synthetic-v1,"[{""factor"": ""Generaci\u00f3n sint\u00e9tica"", ""peso"": 39.82, ""detalle"": ""Promedio=71.89, Reprobadas=1""}]","Promedio=71.89, Reprobadas=1, Tendencia=Declive",Pendiente,,
405,1,Bajo,9.1,Predicción sintética: riesgo Bajo,Mantener seguimiento normal y reforzar hábitos de estudio.,0,synthetic-v1,"[{""factor"": ""Generaci\u00f3n sint\u00e9tica"", ""peso"": 9.1, ""detalle"": ""Promedio=78.45, Reprobadas=0""}]","Promedio=78.45, Reprobadas=0, Tendencia=Mejora",Pendiente,,
406,1,Medio,39.82,Predicción sintética: riesgo Medio,Monitorear el desempeño y reforzar acompañamiento académico preventivo.,0,synthetic-v1,"[{""factor"": ""Generaci\u00f3n sint\u00e9tica"", ""peso"": 39.82, ""detalle"": ""Promedio=70.46, Reprobadas=4""}]","Promedio=70.46, Reprobadas=4, Tendencia=Mejora",Pendiente,,
409,1,Bajo,13.69,Predicción sintética: riesgo Bajo,Mantener seguimiento normal y reforzar hábitos de estudio.,0,synthetic-v1,"[{""factor"": ""Generaci\u00f3n sint\u00e9tica"", ""peso"": 13.69, ""detalle"": ""Promedio=84.13, Reprobadas=1""}]","Promedio=84.13, Reprobadas=1, Tendencia=Mejora",Pendiente,,
410,1,Bajo,24.7,Predicción sintética: riesgo Bajo,Mantener seguimiento normal y reforzar hábitos de estudio.,0,synthetic-v1,"[{""factor"": ""Generaci\u00f3n sint\u00e9tica"", ""peso"": 24.7, ""detalle"": ""Promedio=78.63, Reprobadas=2""}]","Promedio=78.63, Reprobadas=2, Tendencia=Mejora",Pendiente,,
412,1,Medio,32.27,Predicción sintética: riesgo Medio,Monitorear el desempeño y reforzar acompañamiento académico preventivo.,0,synthetic-v1,"[{""factor"": ""Generaci\u00f3n sint\u00e9tica"", ""peso"": 32.27, ""detalle"": ""Promedio=78.88, Reprobadas=2""}]","Promedio=78.88, Reprobadas=2, Tendencia=Declive",Pendiente,,
413,1,Bajo,17.77,Predicción sintética: riesgo Bajo,Mantener seguimiento normal y reforzar hábitos de estudio.,0,synthetic-v1,"[{""factor"": ""Generaci\u00f3n sint\u00e9tica"", ""peso"": 17.77, ""detalle"": ""Promedio=84.42, Reprobadas=0""}]","Promedio=84.42, Reprobadas=0, Tendencia=Mejora",Pendiente,,
417,1,Medio,39.82,Predicción sintética: riesgo Medio,Monitorear el desempeño y reforzar acompañamiento académico preventivo.,0,synthetic-v1,"[{""factor"": ""Generaci\u00f3n sint\u00e9tica"", ""peso"": 39.82, ""detalle"": ""Promedio=67.23, Reprobadas=4""}]","Promedio=67.23, Reprobadas=4, Tendencia=Mejora",Pendiente,,
422,1,Medio,43.9,Predicción sintética: riesgo Medio,Monitorear el desempeño y reforzar acompañamiento académico preventivo.,0,synthetic-v1,"[{""factor"": ""Generaci\u00f3n sint\u00e9tica"", ""peso"": 43.9, ""detalle"": ""Promedio=74.08, Reprobadas=3""}]","Promedio=74.08, Reprobadas=3, Tendencia=Declive",Pendiente,,
423,1,Bajo,9.1,Predicción sintética: riesgo Bajo,Mantener seguimiento normal y reforzar hábitos de estudio.,0,synthetic-v1,"[{""factor"": ""Generaci\u00f3n sint\u00e9tica"", ""peso"": 9.1, ""detalle"": ""Promedio=80.72, Reprobadas=0""}]","Promedio=80.72, Reprobadas=0, Tendencia=Mejora",Pendiente,,
424,1,Bajo,13.69,Predicción sintética: riesgo Bajo,Mantener seguimiento normal y reforzar hábitos de estudio.,0,synthetic-v1,"[{""factor"": ""Generaci\u00f3n sint\u00e9tica"", ""peso"": 13.69, ""detalle"": ""Promedio=84.02, Reprobadas=1""}]","Promedio=84.02, Reprobadas=1, Tendencia=Mejora",Pendiente,,
426,1,Bajo,17.77,Predicción sintética: riesgo Bajo,Mantener seguimiento normal y reforzar hábitos de estudio.,0,synthetic-v1,"[{""factor"": ""Generaci\u00f3n sint\u00e9tica"", ""peso"": 17.77, ""detalle"": ""Promedio=77.99, Reprobadas=0""}]","Promedio=77.99, Reprobadas=0, Tendencia=Mejora",Pendiente,,
428,1,Bajo,17.77,Predicción sintética: riesgo Bajo,Mantener seguimiento normal y reforzar hábitos de estudio.,0,synthetic-v1,"[{""factor"": ""Generaci\u00f3n sint\u00e9tica"", ""peso"": 17.77, ""detalle"": ""Promedio=85.80, Reprobadas=0""}]","Promedio=85.80, Reprobadas=0, Tendencia=Mejora",Pendiente,,
429,1,Bajo,13.69,Predicción sintética: riesgo Bajo,Mantener seguimiento normal y reforzar hábitos de estudio.,0,synthetic-v1,"[{""factor"": ""Generaci\u00f3n sint\u00e9tica"", ""peso"": 13.69, ""detalle"": ""Promedio=81.55, Reprobadas=1""}]","Promedio=81.55, Reprobadas=1, Tendencia=Mejora",Pendiente,,
433,1,Alto,74.7,Predicción sintética: riesgo Alto,Programar seguimiento académico prioritario y contacto con el alumno dentro de 48 horas.,0,synthetic-v1,"[{""factor"": ""Generaci\u00f3n sint\u00e9tica"", ""peso"": 74.7, ""detalle"": ""Promedio=68.06, Reprobadas=5""}]","Promedio=68.06, Reprobadas=5, Tendencia=Mejora",Pendiente,,
434,1,Medio,25.7,Predicción sintética: riesgo Medio,Monitorear el desempeño y reforzar acompañamiento académico preventivo.,0,synthetic-v1,"[{""factor"": ""Generaci\u00f3n sint\u00e9tica"", ""peso"": 25.7, ""detalle"": ""Promedio=74.08, Reprobadas=1""}]","Promedio=74.08, Reprobadas=1, Tendencia=Mejora",Pendiente,,
437,1,Critico,99.0,Predicción sintética: riesgo Critico,"Canalizar de inmediato a tutoría, coordinación y control escolar.",0,synthetic-v1,"[{""factor"": ""Generaci\u00f3n sint\u00e9tica"", ""peso"": 99.0, ""detalle"": ""Promedio=56.89, Reprobadas=6""}]","Promedio=56.89, Reprobadas=6, Tendencia=Declive",Pendiente,,
438,1,Medio,39.82,Predicción sintética: riesgo Medio,Monitorear el desempeño y reforzar acompañamiento académico preventivo.,0,synthetic-v1,"[{""factor"": ""Generaci\u00f3n sint\u00e9tica"", ""peso"": 39.82, ""detalle"": ""Promedio=76.03, Reprobadas=1""}]","Promedio=76.03, Reprobadas=1, Tendencia=Declive",Pendiente,,
444,1,Alto,52.54,Predicción sintética: riesgo Alto,Programar seguimiento académico prioritario y contacto con el alumno dentro de 48 horas.,0,synthetic-v1,"[{""factor"": ""Generaci\u00f3n sint\u00e9tica"", ""peso"": 52.54, ""detalle"": ""Promedio=75.51, Reprobadas=2""}]","Promedio=75.51, Reprobadas=2, Tendencia=Declive",Pendiente,,
445,1,Bajo,13.69,Predicción sintética: riesgo Bajo,Mantener seguimiento normal y reforzar hábitos de estudio.,0,synthetic-v1,"[{""factor"": ""Generaci\u00f3n sint\u00e9tica"", ""peso"": 13.69, ""detalle"": ""Promedio=85.53, Reprobadas=1""}]","Promedio=85.53, Reprobadas=1, Tendencia=Mejora",Pendiente,,
449,1,Bajo,13.69,Predicción sintética: riesgo Bajo,Mantener seguimiento normal y reforzar hábitos de estudio.,0,synthetic-v1,"[{""factor"": ""Generaci\u00f3n sint\u00e9tica"", ""peso"": 13.69, ""detalle"": ""Promedio=85.51, Reprobadas=1""}]","Promedio=85.51, Reprobadas=1, Tendencia=Mejora",Pendiente,,
455,1,Medio,32.27,Predicción sintética: riesgo Medio,Monitorear el desempeño y reforzar acompañamiento académico preventivo.,0,synthetic-v1,"[{""factor"": ""Generaci\u00f3n sint\u00e9tica"", ""peso"": 32.27, ""detalle"": ""Promedio=79.29, Reprobadas=2""}]","Promedio=79.29, Reprobadas=2, Tendencia=Declive",Pendiente,,
456,1,Medio,28.86,Predicción sintética: riesgo Medio,Monitorear el desempeño y reforzar acompañamiento académico preventivo.,0,synthetic-v1,"[{""factor"": ""Generaci\u00f3n sint\u00e9tica"", ""peso"": 28.86, ""detalle"": ""Promedio=73.23, Reprobadas=3""}]","Promedio=73.23, Reprobadas=3, Tendencia=Mejora",Pendiente,,
460,1,Critico,86.53,Predicción sintética: riesgo Critico,"Canalizar de inmediato a tutoría, coordinación y control escolar.",0,synthetic-v1,"[{""factor"": ""Generaci\u00f3n sint\u00e9tica"", ""peso"": 86.53, ""detalle"": ""Promedio=66.18, Reprobadas=6""}]","Promedio=66.18, Reprobadas=6, Tendencia=Mejora",Pendiente,,
462,1,Alto,74.7,Predicción sintética: riesgo Alto,Programar seguimiento académico prioritario y contacto con el alumno dentro de 48 horas.,0,synthetic-v1,"[{""factor"": ""Generaci\u00f3n sint\u00e9tica"", ""peso"": 74.7, ""detalle"": ""Promedio=64.60, Reprobadas=5""}]","Promedio=64.60, Reprobadas=5, Tendencia=Estable",Pendiente,,
463,1,Medio,35.93,Predicción sintética: riesgo Medio,Monitorear el desempeño y reforzar acompañamiento académico preventivo.,0,synthetic-v1,"[{""factor"": ""Generaci\u00f3n sint\u00e9tica"", ""peso"": 35.93, ""detalle"": ""Promedio=71.50, Reprobadas=2""}]","Promedio=71.50, Reprobadas=2, Tendencia=Mejora",Pendiente,,
465,1,Bajo,20.16,Predicción sintética: riesgo Bajo,Mantener seguimiento normal y reforzar hábitos de estudio.,0,synthetic-v1,"[{""factor"": ""Generaci\u00f3n sint\u00e9tica"", ""peso"": 20.16, ""detalle"": ""Promedio=77.06, Reprobadas=2""}]","Promedio=77.06, Reprobadas=2, Tendencia=Mejora",Pendiente,,
467,1,Bajo,13.69,Predicción sintética: riesgo Bajo,Mantener seguimiento normal y reforzar hábitos de estudio.,0,synthetic-v1,"[{""factor"": ""Generaci\u00f3n sint\u00e9tica"", ""peso"": 13.69, ""detalle"": ""Promedio=91.91, Reprobadas=1""}]","Promedio=91.91, Reprobadas=1, Tendencia=Mejora",Pendiente,,
472,1,Critico,94.3,Predicción sintética: riesgo Critico,"Canalizar de inmediato a tutoría, coordinación y control escolar.",0,synthetic-v1,"[{""factor"": ""Generaci\u00f3n sint\u00e9tica"", ""peso"": 94.3, ""detalle"": ""Promedio=62.54, Reprobadas=6""}]","Promedio=62.54, Reprobadas=6, Tendencia=Declive",Pendiente,,
480,1,Medio,35.93,Predicción sintética: riesgo Medio,Monitorear el desempeño y reforzar acompañamiento académico preventivo.,0,synthetic-v1,"[{""factor"": ""Generaci\u00f3n sint\u00e9tica"", ""peso"": 35.93, ""detalle"": ""Promedio=78.76, Reprobadas=2""}]","Promedio=78.76, Reprobadas=2, Tendencia=Mejora",Pendiente,,
484,1,Bajo,9.1,Predicción sintética: riesgo Bajo,Mantener seguimiento normal y reforzar hábitos de estudio.,0,synthetic-v1,"[{""factor"": ""Generaci\u00f3n sint\u00e9tica"", ""peso"": 9.1, ""detalle"": ""Promedio=75.28, Reprobadas=0""}]","Promedio=75.28, Reprobadas=0, Tendencia=Mejora",Pendiente,,
485,1,Bajo,9.1,Predicción sintética: riesgo Bajo,Mantener seguimiento normal y reforzar hábitos de estudio.,0,synthetic-v1,"[{""factor"": ""Generaci\u00f3n sint\u00e9tica"", ""peso"": 9.1, ""detalle"": ""Promedio=94.39, Reprobadas=0""}]","Promedio=94.39, Reprobadas=0, Tendencia=Mejora",Pendiente,,
486,1,Alto,57.0,Predicción sintética: riesgo Alto,Programar seguimiento académico prioritario y contacto con el alumno dentro de 48 horas.,0,synthetic-v1,"[{""factor"": ""Generaci\u00f3n sint\u00e9tica"", ""peso"": 57.0, ""detalle"": ""Promedio=65.66, Reprobadas=4""}]","Promedio=65.66, Reprobadas=4, Tendencia=Declive",Pendiente,,
487,1,Critico,78.84,Predicción sintética: riesgo Critico,"Canalizar de inmediato a tutoría, coordinación y control escolar.",0,synthetic-v1,"[{""factor"": ""Generaci\u00f3n sint\u00e9tica"", ""peso"": 78.84, ""detalle"": ""Promedio=66.44, Reprobadas=7""}]","Promedio=66.44, Reprobadas=7, Tendencia=Mejora",Pendiente,,
490,1,Alto,74.7,Predicción sintética: riesgo Alto,Programar seguimiento académico prioritario y contacto con el alumno dentro de 48 horas.,0,synthetic-v1,"[{""factor"": ""Generaci\u00f3n sint\u00e9tica"", ""peso"": 74.7, ""detalle"": ""Promedio=67.33, Reprobadas=5""}]","Promedio=67.33, Reprobadas=5, Tendencia=Mejora",Pendiente,,
491,1,Alto,58.5,Predicción sintética: riesgo Alto,Programar seguimiento académico prioritario y contacto con el alumno dentro de 48 horas.,0,synthetic-v1,"[{""factor"": ""Generaci\u00f3n sint\u00e9tica"", ""peso"": 58.5, ""detalle"": ""Promedio=71.86, Reprobadas=3""}]","Promedio=71.86, Reprobadas=3, Tendencia=Declive",Pendiente,,
493,1,Bajo,20.16,Predicción sintética: riesgo Bajo,Mantener seguimiento normal y reforzar hábitos de estudio.,0,synthetic-v1,"[{""factor"": ""Generaci\u00f3n sint\u00e9tica"", ""peso"": 20.16, ""detalle"": ""Promedio=76.60, Reprobadas=2""}]","Promedio=76.60, Reprobadas=2, Tendencia=Mejora",Pendiente,,
498,1,Critico,78.84,Predicción sintética: riesgo Critico,"Canalizar de inmediato a tutoría, coordinación y control escolar.",0,synthetic-v1,"[{""factor"": ""Generaci\u00f3n sint\u00e9tica"", ""peso"": 78.84, ""detalle"": ""Promedio=69.78, Reprobadas=7""}]","Promedio=69.78, Reprobadas=7, Tendencia=Mejora",Pendiente,,
500,1,Medio,32.27,Predicción sintética: riesgo Medio,Monitorear el desempeño y reforzar acompañamiento académico preventivo.,0,synthetic-v1,"[{""factor"": ""Generaci\u00f3n sint\u00e9tica"", ""peso"": 32.27, ""detalle"": ""Promedio=72.48, Reprobadas=2""}]","Promedio=72.48, Reprobadas=2, Tendencia=Declive",Pendiente,,
503,1,Bajo,9.1,Predicción sintética: riesgo Bajo,Mantener seguimiento normal y reforzar hábitos de estudio.,0,synthetic-v1,"[{""factor"": ""Generaci\u00f3n sint\u00e9tica"", ""peso"": 9.1, ""detalle"": ""Promedio=81.61, Reprobadas=0""}]","Promedio=81.61, Reprobadas=0, Tendencia=Mejora",Pendiente,,
