id_alumno,id_periodo,numero_parcial,calificacion_promedio,riesgos_detectados,materias_reprobadas,alumnos_activos,alumnos_desertores,tendencia
4,1,1,83.7,0,0,36,0,Mejora
4,1,2,85.69,1,0,28,2,Mejora
4,1,3,97.61,0,0,27,1,Mejora
5,1,1,89.62,0,0,36,1,Estable
5,1,2,91.64,1,0,37,0,Estable
5,1,3,92.32,0,0,36,1,Estable
6,1,1,62.78,4,2,25,0,Mejora
6,1,2,74.19,2,0,25,2,Mejora
6,1,3,95.9,1,0,31,1,Mejora
7,1,1,73.07,2,1,40,0,Mejora
7,1,2,74.85,2,0,32,1,Mejora
7,1,3,80.34,0,0,34,3,Mejora
8,1,1,79.28,0,0,37,3,Estable
8,1,2,79.17,2,0,26,3,Estable
8,1,3,75.57,2,0,36,2,Estable
9,1,1,65.53,2,2,30,3,Mejora
9,1,2,81.89,3,1,40,1,Mejora
9,1,3,95.22,1,0,29,0,Mejora
10,1,1,57.71,2,2,40,2,Mejora
10,1,2,67.2,3,2,26,1,Mejora
10,1,3,93.99,2,0,34,2,Mejora
11,1,1,63.34,4,2,30,3,Mejora
11,1,2,89.07,1,0,40,2,Mejora
11,1,3,93.88,1,0,33,0,Mejora
12,1,1,60.7,1,1,30,3,Mejora
12,1,2,71.24,1,0,36,3,Mejora
12,1,3,81.74,2,0,26,2,Mejora
13,1,1,67.46,1,1,27,1,Mejora
13,1,2,81.6,3,1,36,2,Mejora
13,1,3,84.21,1,0,37,0,Mejora
14,1,1,64.52,3,1,28,0,Estable
14,1,2,61.51,3,2,30,3,Estable
14,1,3,60.82,4,2,37,0,Estable
15,1,1,83.73,1,0,39,0,Declive
15,1,2,83.59,0,0,35,2,Declive
15,1,3,68.35,2,1,27,2,Declive
16,1,1,90.4,0,0,36,3,Declive
16,1,2,73.77,0,0,29,0,Declive
16,1,3,70.69,0,0,27,2,Declive
17,1,1,63.52,4,2,29,1,Mejora
17,1,2,72.83,2,1,29,3,Mejora
17,1,3,93.42,2,0,26,0,Mejora
18,1,1,85.86,2,0,29,2,Declive
18,1,2,78.91,0,0,27,1,Declive
18,1,3,54.96,3,3,29,1,Declive
19,1,1,61.09,4,2,34,2,Mejora
19,1,2,61.18,3,1,40,1,Mejora
19,1,3,71.61,2,0,37,2,Mejora
20,1,1,69.45,2,1,36,3,Mejora
20,1,2,72.83,1,0,29,2,Mejora
20,1,3,81.35,1,0,28,2,Mejora
21,1,1,62.48,2,1,30,2,Mejora
21,1,2,79.76,2,0,35,1,Mejora
21,1,3,91.66,1,0,30,3,Mejora
22,1,1,61.55,4,2,26,0,Mejora
22,1,2,84.31,0,0,34,3,Mejora
22,1,3,97.78,0,0,40,2,Mejora
23,1,1,64.02,2,2,34,0,Mejora
23,1,2,69.68,2,2,37,3,Mejora
23,1,3,76.86,0,0,33,0,Mejora
24,1,1,81.96,0,0,29,2,Declive
24,1,2,79.14,2,0,40,3,Declive
24,1,3,71.38,0,0,29,1,Declive
25,1,1,80.68,1,0,34,3,Mejora
25,1,2,91.41,2,0,25,2,Mejora
25,1,3,94.73,2,0,35,0,Mejora
26,1,1,62.62,3,1,37,1,Mejora
26,1,2,75.35,2,1,32,0,Mejora
26,1,3,77.68,2,0,28,1,Mejora
27,1,1,76.15,1,0,29,1,Mejora
27,1,2,81.29,2,0,35,3,Mejora
27,1,3,93.06,2,0,37,2,Mejora
28,1,1,71.72,2,0,32,2,Mejora
28,1,2,80.24,2,0,34,1,Mejora
28,1,3,81.37,1,0,34,2,Mejora
29,1,1,76.34,1,0,29,2,Mejora
29,1,2,78.61,3,1,26,2,Mejora
29,1,3,81.89,1,0,27,2,Mejora
30,1,1,89.27,2,0,26,1,Declive
30,1,2,68.97,2,2,32,0,Declive
30,1,3,64.07,3,1,28,3,Declive
31,1,1,63.93,2,1,34,2,Mejora
31,1,2,70.29,1,0,34,0,Mejora
31,1,3,88.31,1,0,27,1,Mejora
32,1,1,88.19,1,0,25,2,Declive
32,1,2,83.28,0,0,28,2,Declive
32,1,3,70.03,1,0,34,3,Declive
33,1,1,63.46,2,1,35,2,Mejora
33,1,2,72.68,1,0,31,1,Mejora
33,1,3,76.86,2,0,37,3,Mejora
34,1,1,71.69,1,0,33,2,Mejora
34,1,2,81.83,0,0,34,0,Mejora
34,1,3,83.79,2,1,33,2,Mejora
35,1,1,59.49,6,4,34,2,Mejora
35,1,2,70.94,2,0,32,1,Mejora
35,1,3,71.89,2,0,29,3,Mejora
36,1,1,71.73,2,0,27,3,Mejora
36,1,2,83.43,0,0,36,0,Mejora
36,1,3,95.75,2,0,28,0,Mejora
37,1,1,66.78,3,1,26,3,Mejora
37,1,2,77.86,0,0,29,3,Mejora
37,1,3,92.77,2,0,39,0,Mejora
38,1,1,80.26,0,0,26,0,Mejora
38,1,2,89.68,1,0,40,0,Mejora
38,1,3,93.04,1,0,34,3,Mejora
39,1,1,78.8,0,0,29,2,Mejora
39,1,2,88.08,2,0,28,1,Mejora
39,1,3,97.03,2,0,37,1,Mejora
40,1,1,55.34,5,3,31,0,Mejora
40,1,2,60.71,2,2,26,3,Mejora
40,1,3,83.62,1,0,25,1,Mejora
41,1,1,56.9,6,4,31,0,Mejora
41,1,2,67.96,1,1,29,2,Mejora
41,1,3,72.48,1,0,32,2,Mejora
42,1,1,65.88,3,2,30,3,Mejora
42,1,2,68.46,2,2,40,0,Mejora
42,1,3,91.85,2,0,36,3,Mejora
43,1,1,75.12,2,0,39,0,Estable
43,1,2,75.42,0,0,38,3,Estable
43,1,3,78.55,2,0,29,3,Estable
44,1,1,71.89,0,0,27,1,Declive
44,1,2,67.24,2,1,31,3,Declive
44,1,3,64.17,4,2,31,2,Declive
45,1,1,49.38,3,3,32,2,Mejora
45,1,2,83.24,2,0,34,3,Mejora
45,1,3,86.89,0,0,39,2,Mejora
46,1,1,54.68,3,3,32,1,Mejora
46,1,2,58.7,4,3,25,2,Mejora
46,1,3,65.53,2,2,38,2,Mejora
47,1,1,80.27,1,0,40,3,Estable
47,1,2,81.74,2,0,30,2,Estable
47,1,3,82.84,1,0,30,1,Estable
48,1,1,59.69,4,2,29,0,Mejora
48,1,2,81.76,1,1,31,3,Mejora
48,1,3,84.52,2,0,36,0,Mejora
49,1,1,61.8,3,1,38,1,Mejora
49,1,2,68.38,4,2,28,0,Mejora
49,1,3,77.99,0,0,29,1,Mejora
50,1,1,52.81,4,3,27,0,Mejora
50,1,2,62.55,3,1,27,3,Mejora
50,1,3,100.0,0,0,37,3,Mejora
51,1,1,72.0,1,0,26,1,Mejora
51,1,2,76.97,1,0,31,3,Mejora
51,1,3,84.3,0,0,33,0,Mejora
52,1,1,73.39,0,0,32,3,Estable
52,1,2,75.95,2,0,35,3,Estable
52,1,3,76.59,0,0,29,0,Estable
53,1,1,69.46,2,1,35,0,Mejora
53,1,2,72.6,2,0,33,3,Mejora
53,1,3,77.09,1,0,40,1,Mejora
54,1,1,74.83,1,0,29,3,Mejora
54,1,2,78.22,2,0,29,3,Mejora
54,1,3,85.48,0,0,35,2,Mejora
55,1,1,97.12,0,0,38,0,Declive
55,1,2,94.66,0,0,25,0,Declive
55,1,3,74.39,2,0,36,0,Declive
56,1,1,65.12,3,1,33,2,Mejora
56,1,2,74.64,2,0,33,3,Mejora
56,1,3,85.8,1,0,29,0,Mejora
57,1,1,76.14,2,0,28,1,Mejora
57,1,2,74.17,2,0,34,0,Mejora
57,1,3,95.51,2,0,37,2,Mejora
58,1,1,67.4,2,1,37,2,Mejora
58,1,2,70.52,2,0,34,3,Mejora
58,1,3,79.55,1,0,32,2,Mejora
59,1,1,76.3,0,0,39,1,Mejora
59,1,2,84.84,2,0,39,2,Mejora
59,1,3,100.0,0,0,27,3,Mejora
60,1,1,80.54,0,0,38,0,Estable
60,1,2,77.16,2,0,36,0,Estable
60,1,3,82.63,1,0,28,1,Estable
61,1,1,60.98,3,2,33,1,Mejora
61,1,2,74.89,1,0,32,3,Mejora
61,1,3,89.23,0,0,36,3,Mejora
62,1,1,78.21,0,0,39,1,Declive
62,1,2,71.9,3,1,40,2,Declive
62,1,3,46.58,3,2,40,0,Declive
63,1,1,64.2,1,1,30,1,Mejora
63,1,2,75.65,2,0,30,1,Mejora
63,1,3,89.63,0,0,35,3,Mejora
64,1,1,66.86,3,1,31,1,Mejora
64,1,2,76.93,0,0,33,0,Mejora
64,1,3,83.97,1,0,28,1,Mejora
65,1,1,73.92,1,0,39,1,Estable
65,1,2,75.98,2,0,34,0,Estable
65,1,3,74.69,0,0,29,2,Estable
66,1,1,77.5,0,0,40,1,Mejora
66,1,2,91.54,2,0,30,3,Mejora
66,1,3,96.43,1,0,34,1,Mejora
67,1,1,68.78,4,2,38,3,Declive
67,1,2,56.6,6,4,40,1,Declive
67,1,3,54.24,4,3,27,0,Declive
68,1,1,52.84,3,3,28,0,Mejora
68,1,2,58.18,5,3,33,2,Mejora
68,1,3,58.3,5,4,26,3,Mejora
69,1,1,74.68,0,0,28,1,Mejora
69,1,2,78.23,1,0,31,2,Mejora
69,1,3,96.07,0,0,38,1,Mejora
70,1,1,62.0,4,2,28,1,Mejora
70,1,2,68.16,2,1,38,0,Mejora
70,1,3,68.35,3,2,33,1,Mejora
71,1,1,68.96,3,1,38,3,Mejora
71,1,2,76.64,0,0,39,0,Mejora
71,1,3,87.14,2,0,27,3,Mejora
72,1,1,65.04,3,1,36,0,Mejora
72,1,2,92.98,0,0,37,1,Mejora
72,1,3,94.18,2,0,38,1,Mejora
73,1,1,80.73,1,0,39,0,Mejora
73,1,2,84.11,0,0,28,1,Mejora
73,1,3,94.17,0,0,39,3,Mejora
74,1,1,50.7,3,3,30,0,Mejora
74,1,2,75.07,1,0,37,2,Mejora
74,1,3,84.64,3,1,32,3,Mejora
75,1,1,55.24,4,4,28,3,Mejora
75,1,2,61.14,2,2,29,3,Mejora
75,1,3,91.27,0,0,27,1,Mejora
76,1,1,86.27,0,0,30,3,Declive
76,1,2,79.85,2,0,36,1,Declive
76,1,3,78.99,3,1,29,3,Declive
77,1,1,72.66,3,1,35,1,Mejora
77,1,2,88.97,1,0,32,2,Mejora
77,1,3,96.23,1,0,27,1,Mejora
78,1,1,72.53,1,0,32,3,Mejora
78,1,2,83.79,0,0,27,0,Mejora
78,1,3,88.54,1,0,36,2,Mejora
79,1,1,69.98,3,1,26,0,Mejora
79,1,2,85.13,0,0,37,2,Mejora
79,1,3,95.98,0,0,38,3,Mejora
80,1,1,66.81,1,1,27,2,Mejora
80,1,2,82.02,1,0,38,1,Mejora
80,1,3,93.11,2,0,26,1,Mejora
81,1,1,77.17,2,0,25,1,Declive
81,1,2,65.84,1,1,40,2,Declive
81,1,3,48.85,4,2,33,1,Declive
82,1,1,73.13,2,1,40,3,Mejora
82,1,2,72.57,0,0,36,0,Mejora
82,1,3,79.74,2,0,40,1,Mejora
83,1,1,76.21,0,0,29,1,Declive
83,1,2,50.11,2,2,26,3,Declive
83,1,3,45.54,4,3,32,2,Declive
84,1,1,70.98,3,1,26,3,Mejora
84,1,2,80.27,0,0,27,3,Mejora
84,1,3,85.95,0,0,34,2,Mejora
85,1,1,70.2,2,0,31,1,Mejora
85,1,2,76.16,1,0,29,0,Mejora
85,1,3,84.97,1,0,38,0,Mejora
86,1,1,73.2,1,0,26,1,Mejora
86,1,2,84.0,3,1,33,0,Mejora
86,1,3,88.44,0,0,26,1,Mejora
87,1,1,78.88,1,1,26,3,Mejora
87,1,2,80.09,1,0,29,1,Mejora
87,1,3,91.41,0,0,34,2,Mejora
88,1,1,66.52,1,1,30,3,Mejora
88,1,2,75.94,3,1,39,2,Mejora
88,1,3,91.52,0,0,38,0,Mejora
89,1,1,62.15,1,1,35,1,Mejora
89,1,2,68.49,4,2,27,1,Mejora
89,1,3,80.75,0,0,36,3,Mejora
90,1,1,78.57,1,0,29,0,Mejora
90,1,2,82.56,2,0,25,0,Mejora
90,1,3,82.6,1,0,32,1,Mejora
91,1,1,76.99,1,1,27,2,Mejora
91,1,2,77.82,2,0,28,0,Mejora
91,1,3,97.47,1,0,39,0,Mejora
92,1,1,75.7,1,0,29,0,Mejora
92,1,2,78.04,0,0,32,2,Mejora
92,1,3,98.3,1,0,40,3,Mejora
93,1,1,78.78,2,0,25,3,Mejora
93,1,2,88.34,2,0,36,3,Mejora
93,1,3,89.05,0,0,40,2,Mejora
94,1,1,80.85,0,0,40,2,Mejora
94,1,2,84.04,1,0,32,1,Mejora
94,1,3,87.59,0,0,28,1,Mejora
95,1,1,74.58,0,0,36,0,Mejora
95,1,2,91.98,0,0,36,1,Mejora
95,1,3,100.0,0,0,31,3,Mejora
96,1,1,71.43,0,0,31,1,Mejora
96,1,2,85.13,2,0,35,1,Mejora
96,1,3,89.96,1,0,35,0,Mejora
97,1,1,64.35,2,1,35,1,Mejora
97,1,2,65.9,4,2,30,3,Mejora
97,1,3,87.0,0,0,40,2,Mejora
98,1,1,72.26,0,0,37,0,Mejora
98,1,2,80.92,0,0,30,2,Mejora
98,1,3,91.55,2,0,32,0,Mejora
99,1,1,79.13,2,0,35,3,Mejora
99,1,2,90.71,0,0,25,2,Mejora
99,1,3,92.46,2,0,31,1,Mejora
100,1,1,79.41,2,0,37,2,Mejora
100,1,2,81.11,0,0,37,0,Mejora
100,1,3,87.95,1,0,40,1,Mejora
101,1,1,68.73,1,1,27,2,Mejora
101,1,2,79.31,1,0,40,0,Mejora
101,1,3,82.72,0,0,38,1,Mejora
102,1,1,63.12,2,1,34,2,Mejora
102,1,2,81.38,2,0,32,0,Mejora
102,1,3,86.13,2,0,26,3,Mejora
103,1,1,52.87,3,2,34,0,Mejora
103,1,2,63.4,2,2,40,0,Mejora
103,1,3,83.57,1,1,34,3,Mejora
104,1,1,61.09,3,2,32,2,Mejora
104,1,2,73.59,1,0,26,1,Mejora
104,1,3,77.52,2,1,28,0,Mejora
105,1,1,67.6,4,2,26,1,Mejora
105,1,2,74.22,1,0,28,3,Mejora
105,1,3,87.89,1,0,30,1,Mejora
106,1,1,73.23,2,0,27,0,Mejora
106,1,2,81.03,3,1,37,3,Mejora
106,1,3,83.98,2,0,35,2,Mejora
107,1,1,66.68,1,1,38,2,Mejora
107,1,2,73.33,0,0,37,3,Mejora
107,1,3,77.04,2,0,40,0,Mejora
108,1,1,76.81,2,0,33,2,Mejora
108,1,2,88.88,0,0,25,2,Mejora
108,1,3,89.74,0,0,34,2,Mejora
109,1,1,60.79,3,2,39,1,Mejora
109,1,2,64.38,4,2,38,3,Mejora
109,1,3,80.77,2,0,36,0,Mejora
110,1,1,85.05,2,0,32,0,Declive
110,1,2,81.93,0,0,39,0,Declive
110,1,3,80.21,0,0,36,1,Declive
111,1,1,78.31,2,0,36,1,Mejora
111,1,2,84.36,1,0,33,0,Mejora
111,1,3,89.87,2,0,34,0,Mejora
112,1,1,58.77,3,2,25,3,Mejora
112,1,2,61.81,4,2,29,1,Mejora
112,1,3,86.91,0,0,25,1,Mejora
113,1,1,69.21,2,1,28,0,Mejora
113,1,2,77.08,2,0,36,2,Mejora
113,1,3,90.38,2,0,34,0,Mejora
114,1,1,70.81,2,0,26,3,Mejora
114,1,2,80.72,0,0,35,1,Mejora
114,1,3,86.54,2,0,25,3,Mejora
115,1,1,57.64,4,4,40,2,Mejora
115,1,2,69.56,4,2,34,1,Mejora
115,1,3,75.13,2,0,30,2,Mejora
116,1,1,77.26,0,0,34,3,Mejora
116,1,2,81.46,1,0,35,2,Mejora
116,1,3,82.26,0,0,33,2,Mejora
117,1,1,59.75,3,2,34,3,Mejora
117,1,2,72.77,2,0,26,1,Mejora
117,1,3,84.3,3,1,29,1,Mejora
118,1,1,90.79,0,0,30,2,Mejora
118,1,2,93.63,1,0,26,0,Mejora
118,1,3,100.0,1,0,39,2,Mejora
119,1,1,81.99,1,0,31,2,Mejora
119,1,2,81.99,1,0,25,2,Mejora
119,1,3,87.88,1,0,31,0,Mejora
120,1,1,76.8,3,1,34,3,Declive
120,1,2,72.64,0,0,35,3,Declive
120,1,3,69.94,1,1,29,2,Declive
121,1,1,52.57,3,3,25,1,Mejora
121,1,2,60.26,1,1,28,2,Mejora
121,1,3,85.93,2,0,26,3,Mejora
122,1,1,83.06,0,0,37,0,Mejora
122,1,2,87.97,2,0,33,3,Mejora
122,1,3,93.96,0,0,29,1,Mejora
123,1,1,72.36,2,0,28,2,Mejora
123,1,2,81.26,0,0,28,0,Mejora
123,1,3,82.14,0,0,40,1,Mejora
124,1,1,88.06,2,0,25,0,Declive
124,1,2,81.61,0,0,27,0,Declive
124,1,3,77.54,1,0,40,1,Declive
125,1,1,78.12,1,0,30,0,Mejora
125,1,2,85.91,1,0,34,2,Mejora
125,1,3,90.39,1,0,35,3,Mejora
126,1,1,61.18,2,1,33,0,Mejora
126,1,2,86.72,1,0,36,2,Mejora
126,1,3,95.85,1,0,30,0,Mejora
127,1,1,70.52,0,0,40,3,Mejora
127,1,2,72.55,3,1,30,3,Mejora
127,1,3,76.79,0,0,36,0,Mejora
128,1,1,69.54,2,1,32,2,Mejora
128,1,2,74.62,0,0,28,3,Mejora
128,1,3,79.61,2,0,32,3,Mejora
129,1,1,92.67,1,0,35,2,Declive
129,1,2,80.94,0,0,26,1,Declive
129,1,3,70.16,2,1,37,3,Declive
130,1,1,67.6,3,2,38,0,Mejora
130,1,2,76.76,2,1,25,0,Mejora
130,1,3,79.19,0,0,34,1,Mejora
131,1,1,69.2,4,2,36,3,Mejora
131,1,2,77.69,2,0,28,0,Mejora
131,1,3,96.15,1,0,32,0,Mejora
132,1,1,58.86,6,4,37,1,Mejora
132,1,2,72.95,0,0,39,1,Mejora
132,1,3,75.75,0,0,35,0,Mejora
133,1,1,67.35,2,1,40,1,Mejora
133,1,2,69.42,3,1,30,1,Mejora
133,1,3,81.6,2,0,28,3,Mejora
134,1,1,67.85,3,2,29,3,Mejora
134,1,2,77.73,1,0,34,2,Mejora
134,1,3,86.98,1,0,31,1,Mejora
135,1,1,54.86,6,4,40,3,Mejora
135,1,2,69.28,4,2,34,3,Mejora
135,1,3,98.58,0,0,25,0,Mejora
136,1,1,71.68,1,0,31,0,Mejora
136,1,2,73.87,0,0,36,3,Mejora
136,1,3,83.08,2,0,28,1,Mejora
137,1,1,65.03,3,2,26,0,Mejora
137,1,2,78.54,2,0,33,1,Mejora
137,1,3,85.49,1,0,39,1,Mejora
138,1,1,82.64,1,1,33,2,Mejora
138,1,2,82.18,0,0,29,1,Mejora
138,1,3,96.98,1,0,33,0,Mejora
139,1,1,70.75,0,0,36,0,Mejora
139,1,2,73.73,2,0,35,1,Mejora
139,1,3,78.21,2,0,30,0,Mejora
140,1,1,59.05,4,2,40,0,Mejora
140,1,2,63.98,3,2,28,2,Mejora
140,1,3,77.21,0,0,39,1,Mejora
141,1,1,79.97,2,0,36,3,Mejora
141,1,2,89.85,2,0,40,0,Mejora
141,1,3,96.1,1,0,34,1,Mejora
142,1,1,69.02,3,1,38,0,Mejora
142,1,2,73.89,3,1,31,3,Mejora
142,1,3,78.13,0,0,27,1,Mejora
143,1,1,61.89,4,2,38,3,Mejora
143,1,2,67.02,3,1,39,3,Mejora
143,1,3,93.4,0,0,38,2,Mejora
144,1,1,57.93,3,2,34,0,Mejora
144,1,2,70.47,0,0,34,3,Mejora
144,1,3,91.17,1,0,37,3,Mejora
145,1,1,56.19,5,4,36,0,Mejora
145,1,2,66.76,4,2,29,0,Mejora
145,1,3,75.21,3,1,26,0,Mejora
146,1,1,63.1,2,2,30,1,Mejora
146,1,2,69.45,4,2,33,1,Mejora
146,1,3,87.8,2,0,28,1,Mejora
147,1,1,92.92,0,0,32,0,Declive
147,1,2,71.37,1,0,34,0,Declive
147,1,3,67.18,3,2,31,2,Declive
148,1,1,68.82,3,1,38,1,Mejora
148,1,2,86.92,2,0,25,2,Mejora
148,1,3,97.9,1,0,32,1,Mejora
149,1,1,94.66,1,0,27,2,Declive
149,1,2,73.86,1,0,29,1,Declive
149,1,3,67.66,3,2,33,0,Declive
150,1,1,71.66,2,1,29,2,Mejora
150,1,2,72.02,2,0,37,1,Mejora
150,1,3,87.0,1,0,34,1,Mejora
151,1,1,70.29,2,0,29,3,Mejora
151,1,2,75.12,2,0,36,0,Mejora
151,1,3,77.7,1,1,32,3,Mejora
152,1,1,54.59,4,3,35,0,Mejora
152,1,2,81.6,1,0,33,2,Mejora
152,1,3,87.72,0,0,30,3,Mejora
153,1,1,67.8,3,1,25,1,Mejora
153,1,2,79.27,1,0,39,1,Mejora
153,1,3,85.94,1,0,32,0,Mejora
154,1,1,73.18,0,0,40,3,Mejora
154,1,2,83.17,1,0,40,1,Mejora
154,1,3,88.06,1,0,30,3,Mejora
155,1,1,97.84,2,0,25,2,Declive
155,1,2,72.27,1,1,27,1,Declive
155,1,3,63.21,2,2,39,3,Declive
156,1,1,69.08,3,1,27,1,Mejora
156,1,2,69.24,2,2,37,3,Mejora
156,1,3,84.03,1,0,29,0,Mejora
157,1,1,80.93,3,1,29,0,Mejora
157,1,2,86.8,2,0,38,3,Mejora
157,1,3,85.13,0,0,36,0,Mejora
158,1,1,77.77,2,0,32,0,Mejora
158,1,2,82.4,1,0,34,3,Mejora
158,1,3,91.24,0,0,33,1,Mejora
159,1,1,77.38,1,0,33,3,Mejora
159,1,2,81.3,2,1,36,2,Mejora
159,1,3,100.0,2,0,37,1,Mejora
160,1,1,87.93,1,0,29,0,Declive
160,1,2,85.43,2,0,32,3,Declive
160,1,3,76.2,2,0,30,0,Declive
161,1,1,77.11,0,0,27,2,Mejora
161,1,2,82.71,1,0,32,2,Mejora
161,1,3,97.21,2,0,27,0,Mejora
162,1,1,71.38,2,0,32,1,Mejora
162,1,2,69.24,2,2,26,2,Mejora
162,1,3,87.37,0,0,32,0,Mejora
163,1,1,70.19,0,0,36,2,Estable
163,1,2,72.98,0,0,33,1,Estable
163,1,3,73.89,2,0,31,3,Estable
164,1,1,60.25,3,2,33,3,Mejora
164,1,2,68.61,3,1,37,3,Mejora
164,1,3,97.93,1,0,32,2,Mejora
165,1,1,75.69,3,1,35,3,Mejora
165,1,2,87.54,0,0,36,0,Mejora
165,1,3,96.79,2,0,33,1,Mejora
166,1,1,71.79,2,0,31,3,Mejora
166,1,2,78.13,2,0,31,1,Mejora
166,1,3,90.81,2,0,32,2,Mejora
167,1,1,94.03,0,0,26,3,Declive
167,1,2,81.34,2,0,36,2,Declive
167,1,3,73.1,0,0,40,2,Declive
168,1,1,72.32,1,0,30,3,Mejora
168,1,2,78.45,2,0,28,3,Mejora
168,1,3,85.0,2,1,35,0,Mejora
169,1,1,71.3,0,0,40,2,Mejora
169,1,2,94.6,2,0,36,1,Mejora
169,1,3,95.31,1,0,40,3,Mejora
170,1,1,69.02,1,1,29,3,Mejora
170,1,2,74.67,0,0,25,1,Mejora
170,1,3,73.72,1,0,38,3,Mejora
171,1,1,39.83,3,3,28,3,Mejora
171,1,2,72.82,0,0,35,2,Mejora
171,1,3,73.8,1,0,36,2,Mejora
172,1,1,68.22,3,1,34,2,Mejora
172,1,2,79.33,2,0,35,3,Mejora
172,1,3,87.34,2,0,39,0,Mejora
173,1,1,72.31,1,0,35,1,Mejora
173,1,2,84.65,2,0,35,2,Mejora
173,1,3,83.35,0,0,34,2,Mejora
174,1,1,64.76,3,2,27,1,Mejora
174,1,2,73.18,0,0,30,3,Mejora
174,1,3,75.15,1,1,28,0,Mejora
175,1,1,47.4,3,2,32,2,Mejora
175,1,2,68.84,1,1,39,1,Mejora
175,1,3,79.21,1,0,29,1,Mejora
176,1,1,67.93,4,2,38,2,Mejora
176,1,2,72.36,2,0,36,3,Mejora
176,1,3,72.32,2,0,32,0,Mejora
177,1,1,76.38,1,1,40,2,Mejora
177,1,2,76.66,1,0,25,3,Mejora
177,1,3,81.22,2,0,34,1,Mejora
178,1,1,85.08,2,0,32,2,Declive
178,1,2,60.19,3,2,34,2,Declive
178,1,3,45.76,3,2,38,1,Declive
179,1,1,78.37,1,0,25,1,Mejora
179,1,2,80.88,2,0,26,0,Mejora
179,1,3,96.51,1,0,30,0,Mejora
180,1,1,72.8,1,1,39,0,Mejora
180,1,2,74.55,1,0,35,0,Mejora
180,1,3,77.68,1,0,29,0,Mejora
181,1,1,72.56,1,0,39,1,Estable
181,1,2,74.86,0,0,26,1,Estable
181,1,3,75.87,2,0,39,0,Estable
182,1,1,85.76,0,0,28,2,Mejora
182,1,2,87.79,2,0,40,2,Mejora
182,1,3,95.97,2,0,31,2,Mejora
183,1,1,80.82,1,0,40,1,Declive
183,1,2,78.17,1,0,36,0,Declive
183,1,3,49.81,2,2,32,1,Declive
184,1,1,63.46,1,1,36,3,Mejora
184,1,2,78.98,1,0,31,0,Mejora
184,1,3,87.21,2,0,37,2,Mejora
185,1,1,72.94,0,0,33,1,Declive
185,1,2,68.92,3,1,27,1,Declive
185,1,3,56.38,4,3,39,2,Declive
186,1,1,82.3,2,0,27,3,Mejora
186,1,2,83.21,2,0,31,3,Mejora
186,1,3,93.63,0,0,29,2,Mejora
187,1,1,97.02,0,0,26,3,Declive
187,1,2,81.65,0,0,40,2,Declive
187,1,3,79.85,1,0,26,2,Declive
188,1,1,73.32,3,1,38,2,Mejora
188,1,2,76.49,3,1,26,2,Mejora
188,1,3,95.89,2,0,26,0,Mejora
189,1,1,70.25,2,0,38,0,Mejora
189,1,2,80.76,2,0,36,3,Mejora
189,1,3,88.01,2,0,38,0,Mejora
190,1,1,66.46,3,2,38,3,Mejora
190,1,2,70.48,2,0,35,1,Mejora
190,1,3,91.64,1,0,31,3,Mejora
191,1,1,90.66,0,0,34,0,Declive
191,1,2,79.5,2,0,34,1,Declive
191,1,3,74.6,1,1,31,2,Declive
192,1,1,90.52,1,0,34,0,Declive
192,1,2,71.45,2,0,37,1,Declive
192,1,3,68.12,1,1,27,2,Declive
193,1,1,90.89,2,0,35,2,Declive
193,1,2,89.24,1,0,38,3,Declive
193,1,3,46.82,2,2,28,1,Declive
194,1,1,83.91,1,0,39,0,Declive
194,1,2,81.5,0,0,32,3,Declive
194,1,3,58.19,2,2,34,3,Declive
195,1,1,70.95,1,0,31,3,Estable
195,1,2,77.55,2,0,37,1,Estable
195,1,3,74.03,1,1,32,1,Estable
196,1,1,75.16,1,0,34,1,Mejora
196,1,2,85.87,1,0,36,3,Mejora
196,1,3,86.75,2,0,29,3,Mejora
197,1,1,71.04,1,1,28,2,Mejora
197,1,2,83.19,2,0,39,3,Mejora
197,1,3,84.18,1,0,25,2,Mejora
198,1,1,79.95,2,0,26,2,Declive
198,1,2,72.63,2,0,30,0,Declive
198,1,3,69.46,2,1,34,1,Declive
199,1,1,94.31,2,0,28,0,Declive
199,1,2,86.66,1,0,34,3,Declive
199,1,3,78.34,2,0,32,3,Declive
200,1,1,90.28,2,0,34,2,Declive
200,1,2,82.71,2,0,40,3,Declive
200,1,3,74.66,0,0,30,0,Declive
201,1,1,64.5,2,2,33,1,Mejora
201,1,2,78.3,1,0,29,2,Mejora
201,1,3,81.93,0,0,37,1,Mejora
202,1,1,81.55,2,0,31,1,Mejora
202,1,2,94.62,1,0,31,1,Mejora
202,1,3,96.47,1,0,34,1,Mejora
203,1,1,61.25,1,1,38,3,Mejora
203,1,2,83.93,0,0,34,3,Mejora
203,1,3,82.67,1,0,33,1,Mejora
204,1,1,65.55,4,2,27,3,Mejora
204,1,2,68.28,3,1,29,3,Mejora
204,1,3,71.66,2,0,36,1,Mejora
205,1,1,55.9,2,2,31,1,Mejora
205,1,2,59.76,3,3,27,1,Mejora
205,1,3,75.87,1,0,39,3,Mejora
206,1,1,95.21,2,0,26,0,Declive
206,1,2,80.89,2,0,39,3,Declive
206,1,3,66.53,3,2,26,1,Declive
207,1,1,70.67,1,0,38,2,Mejora
207,1,2,76.04,1,0,26,1,Mejora
207,1,3,82.46,1,0,39,3,Mejora
208,1,1,62.14,2,1,30,0,Mejora
208,1,2,62.52,2,1,27,0,Mejora
208,1,3,68.11,2,1,39,2,Mejora
209,1,1,56.16,3,2,26,3,Mejora
209,1,2,61.51,1,1,34,2,Mejora
209,1,3,74.91,0,0,39,2,Mejora
210,1,1,90.31,1,0,40,1,Declive
210,1,2,69.55,3,2,31,3,Declive
210,1,3,59.95,4,4,39,3,Declive
211,1,1,92.69,2,0,29,0,Declive
211,1,2,91.21,2,0,36,0,Declive
211,1,3,85.84,0,0,29,0,Declive
212,1,1,70.82,0,0,30,3,Mejora
212,1,2,71.87,2,0,36,0,Mejora
212,1,3,78.04,2,0,27,2,Mejora
213,1,1,54.35,3,3,31,0,Mejora
213,1,2,70.74,2,1,28,0,Mejora
213,1,3,100.0,1,0,40,2,Mejora
214,1,1,81.16,1,0,34,1,Mejora
214,1,2,83.3,0,0,25,0,Mejora
214,1,3,95.96,2,0,25,3,Mejora
215,1,1,73.55,2,0,33,0,Mejora
215,1,2,84.72,2,0,34,2,Mejora
215,1,3,85.03,0,0,35,0,Mejora
216,1,1,63.39,1,1,40,0,Mejora
216,1,2,83.88,1,0,29,3,Mejora
216,1,3,97.46,2,0,29,3,Mejora
217,1,1,64.6,4,2,36,0,Mejora
217,1,2,66.07,4,2,29,2,Mejora
217,1,3,74.11,0,0,25,2,Mejora
218,1,1,73.76,1,0,38,0,Mejora
218,1,2,77.39,1,0,40,1,Mejora
218,1,3,86.44,2,0,36,3,Mejora
219,1,1,67.03,1,1,40,1,Mejora
219,1,2,73.46,1,0,31,2,Mejora
219,1,3,93.26,2,0,40,2,Mejora
220,1,1,79.42,1,0,26,0,Declive
220,1,2,69.47,4,2,35,3,Declive
220,1,3,62.86,1,1,26,0,Declive
221,1,1,84.87,1,0,33,0,Declive
221,1,2,77.44,1,0,25,0,Declive
221,1,3,74.7,1,0,31,2,Declive
222,1,1,58.36,3,2,40,0,Mejora
222,1,2,79.75,1,0,28,3,Mejora
222,1,3,84.55,0,0,26,0,Mejora
223,1,1,73.7,2,0,31,0,Mejora
223,1,2,76.81,1,0,39,1,Mejora
223,1,3,88.29,1,0,27,3,Mejora
224,1,1,95.91,2,0,35,2,Declive
224,1,2,74.56,1,0,39,3,Declive
224,1,3,69.49,2,2,25,0,Declive
225,1,1,65.39,4,2,37,0,Mejora
225,1,2,87.61,2,0,35,0,Mejora
225,1,3,99.07,0,0,34,3,Mejora
226,1,1,52.76,4,3,38,2,Mejora
226,1,2,78.56,1,1,32,1,Mejora
226,1,3,100.0,2,0,27,3,Mejora
227,1,1,70.58,0,0,26,0,Mejora
227,1,2,78.36,2,0,31,1,Mejora
227,1,3,80.83,1,0,25,1,Mejora
228,1,1,87.36,2,0,38,2,Declive
228,1,2,77.43,1,0,27,0,Declive
228,1,3,73.21,2,0,37,1,Declive
229,1,1,60.21,2,2,35,3,Mejora
229,1,2,73.17,0,0,37,3,Mejora
229,1,3,75.43,2,0,38,1,Mejora
230,1,1,79.69,1,0,29,1,Mejora
230,1,2,89.82,0,0,25,0,Mejora
230,1,3,97.03,1,0,25,1,Mejora
231,1,1,73.79,1,0,30,3,Mejora
231,1,2,92.91,2,0,38,3,Mejora
231,1,3,100.0,2,0,37,2,Mejora
232,1,1,77.13,1,0,26,3,Mejora
232,1,2,88.57,2,0,36,0,Mejora
232,1,3,93.05,2,0,40,0,Mejora
233,1,1,75.21,2,0,34,0,Declive
233,1,2,72.71,2,0,35,0,Declive
233,1,3,71.2,3,1,40,3,Declive
234,1,1,77.69,0,0,33,0,Mejora
234,1,2,84.08,2,0,40,1,Mejora
234,1,3,90.75,2,0,26,2,Mejora
235,1,1,67.87,2,1,25,0,Mejora
235,1,2,68.63,2,2,30,1,Mejora
235,1,3,74.94,1,0,39,2,Mejora
236,1,1,59.18,3,3,38,3,Mejora
236,1,2,75.12,2,0,32,3,Mejora
236,1,3,79.41,0,0,30,1,Mejora
237,1,1,68.9,3,2,37,3,Mejora
237,1,2,69.12,3,2,33,1,Mejora
237,1,3,83.84,2,0,38,0,Mejora
238,1,1,55.58,6,4,38,2,Mejora
238,1,2,70.9,0,0,35,2,Mejora
238,1,3,81.2,2,0,33,0,Mejora
239,1,1,67.83,3,1,25,0,Mejora
239,1,2,72.85,2,0,27,0,Mejora
239,1,3,92.58,0,0,38,0,Mejora
240,1,1,69.62,1,1,31,0,Mejora
240,1,2,77.94,1,1,28,0,Mejora
240,1,3,80.76,3,1,29,3,Mejora
241,1,1,71.79,0,0,33,3,Mejora
241,1,2,85.71,2,0,35,2,Mejora
241,1,3,98.47,1,0,30,0,Mejora
242,1,1,74.42,0,0,30,3,Declive
242,1,2,74.36,1,0,28,1,Declive
242,1,3,70.29,0,0,38,1,Declive
243,1,1,67.46,3,1,25,0,Mejora
243,1,2,74.47,1,0,37,2,Mejora
243,1,3,76.36,2,1,29,2,Mejora
244,1,1,76.59,0,0,40,0,Estable
244,1,2,78.66,0,0,36,2,Estable
244,1,3,77.72,2,0,34,3,Estable
245,1,1,78.43,0,0,34,3,Mejora
245,1,2,84.21,0,0,28,2,Mejora
245,1,3,93.0,1,0,40,0,Mejora
246,1,1,81.76,2,0,34,3,Mejora
246,1,2,87.87,0,0,39,0,Mejora
246,1,3,92.48,1,0,26,2,Mejora
247,1,1,75.87,2,0,32,0,Mejora
247,1,2,82.52,2,0,26,1,Mejora
247,1,3,86.15,0,0,40,0,Mejora
248,1,1,52.55,3,2,27,0,Mejora
248,1,2,55.03,3,2,28,3,Mejora
248,1,3,87.1,2,0,32,0,Mejora
249,1,1,100.0,2,0,30,2,Declive
249,1,2,84.84,0,0,27,0,Declive
249,1,3,83.73,0,0,33,1,Declive
250,1,1,65.47,1,1,30,0,Mejora
250,1,2,76.05,3,1,40,0,Mejora
250,1,3,92.18,2,0,25,0,Mejora
251,1,1,70.02,0,0,32,1,Mejora
251,1,2,79.57,2,1,26,1,Mejora
251,1,3,95.03,2,0,40,0,Mejora
252,1,1,85.94,2,0,39,1,Declive
252,1,2,78.32,2,0,33,0,Declive
252,1,3,73.48,2,0,31,0,Declive
253,1,1,99.21,2,0,39,0,Declive
253,1,2,88.34,1,0,28,0,Declive
253,1,3,83.49,1,0,30,1,Declive
254,1,1,60.82,3,2,28,2,Mejora
254,1,2,82.29,2,0,32,0,Mejora
254,1,3,92.03,1,0,32,3,Mejora
255,1,1,84.56,0,0,31,2,Declive
255,1,2,74.15,1,0,33,1,Declive
255,1,3,71.63,1,0,35,1,Declive
256,1,1,68.38,3,2,30,1,Mejora
256,1,2,80.54,1,0,32,0,Mejora
256,1,3,91.94,0,0,38,3,Mejora
257,1,1,67.5,4,2,29,0,Mejora
257,1,2,71.63,0,0,38,0,Mejora
257,1,3,76.66,2,0,26,3,Mejora
258,1,1,62.06,2,1,38,1,Mejora
258,1,2,71.06,0,0,29,2,Mejora
258,1,3,78.44,0,0,34,1,Mejora
259,1,1,70.31,2,0,39,3,Mejora
259,1,2,85.07,2,0,29,3,Mejora
259,1,3,91.56,2,0,30,2,Mejora
260,1,1,91.87,0,0,31,0,Declive
260,1,2,76.28,1,0,35,0,Declive
260,1,3,75.81,2,0,36,0,Declive
261,1,1,76.81,2,0,35,1,Mejora
261,1,2,83.39,3,1,28,3,Mejora
261,1,3,89.34,0,0,31,1,Mejora
262,1,1,60.85,3,2,34,3,Mejora
262,1,2,79.28,2,0,36,0,Mejora
262,1,3,98.26,0,0,31,3,Mejora
263,1,1,42.45,3,3,25,2,Mejora
263,1,2,65.38,2,1,38,1,Mejora
263,1,3,94.45,0,0,40,2,Mejora
264,1,1,57.93,4,2,35,3,Mejora
264,1,2,79.78,1,0,39,3,Mejora
264,1,3,85.27,2,0,34,1,Mejora
265,1,1,79.03,0,0,30,2,Mejora
265,1,2,83.9,2,1,30,1,Mejora
265,1,3,84.95,0,0,29,1,Mejora
266,1,1,79.7,2,0,36,1,Mejora
266,1,2,86.49,2,0,36,3,Mejora
266,1,3,87.26,0,0,30,2,Mejora
267,1,1,73.76,2,0,34,1,Mejora
267,1,2,80.85,2,0,39,2,Mejora
267,1,3,78.67,2,0,28,3,Mejora
268,1,1,75.95,0,0,32,2,Mejora
268,1,2,82.91,2,0,31,0,Mejora
268,1,3,100.0,2,0,27,3,Mejora
269,1,1,67.33,3,1,36,0,Mejora
269,1,2,68.2,3,2,34,2,Mejora
269,1,3,82.68,2,1,36,2,Mejora
270,1,1,69.38,2,2,29,0,Mejora
270,1,2,84.14,1,0,29,1,Mejora
270,1,3,90.3,2,0,34,3,Mejora
271,1,1,73.17,1,0,29,1,Mejora
271,1,2,76.65,2,0,30,3,Mejora
271,1,3,82.19,2,0,34,3,Mejora
272,1,1,98.05,0,0,40,0,Declive
272,1,2,91.09,0,0,34,3,Declive
272,1,3,54.8,4,3,30,3,Declive
273,1,1,70.79,1,0,40,0,Mejora
273,1,2,72.0,2,0,36,0,Mejora
273,1,3,89.66,1,0,33,1,Mejora
274,1,1,76.6,1,0,34,0,Mejora
274,1,2,84.9,2,0,31,1,Mejora
274,1,3,87.12,1,0,28,1,Mejora
275,1,1,80.22,3,1,34,2,Mejora
275,1,2,87.0,1,0,40,3,Mejora
275,1,3,91.25,0,0,35,1,Mejora
276,1,1,78.07,2,0,28,3,Mejora
276,1,2,79.32,2,0,39,0,Mejora
276,1,3,83.32,2,0,28,1,Mejora
277,1,1,74.69,2,0,28,1,Mejora
277,1,2,75.31,1,0,29,1,Mejora
277,1,3,83.99,1,0,32,2,Mejora
278,1,1,60.35,1,1,28,0,Mejora
278,1,2,71.24,2,1,26,3,Mejora
278,1,3,87.84,1,0,28,2,Mejora
279,1,1,60.95,1,1,30,2,Mejora
279,1,2,76.42,0,0,25,0,Mejora
279,1,3,92.28,2,0,29,2,Mejora
280,1,1,79.54,0,0,31,2,Mejora
280,1,2,82.11,3,1,30,0,Mejora
280,1,3,84.05,2,0,28,1,Mejora
281,1,1,99.56,1,0,32,3,Declive
281,1,2,99.45,1,0,28,2,Declive
281,1,3,86.73,1,0,28,3,Declive
282,1,1,78.38,0,0,34,3,Mejora
282,1,2,84.07,0,0,32,3,Mejora
282,1,3,97.65,1,0,34,3,Mejora
283,1,1,77.29,2,0,27,0,Mejora
283,1,2,77.78,2,1,29,3,Mejora
283,1,3,85.25,2,0,37,0,Mejora
284,1,1,80.79,1,0,33,3,Mejora
284,1,2,82.39,2,1,36,3,Mejora
284,1,3,97.4,2,0,37,3,Mejora
285,1,1,71.7,2,0,27,3,Mejora
285,1,2,79.1,0,0,25,1,Mejora
285,1,3,85.13,0,0,37,2,Mejora
286,1,1,79.53,1,0,25,0,Mejora
286,1,2,82.35,2,0,38,0,Mejora
286,1,3,85.94,1,0,37,3,Mejora
287,1,1,71.94,1,0,37,3,Mejora
287,1,2,79.51,0,0,28,3,Mejora
287,1,3,80.76,0,0,40,3,Mejora
288,1,1,69.73,3,2,36,0,Mejora
288,1,2,77.14,0,0,35,3,Mejora
288,1,3,84.19,0,0,28,3,Mejora
289,1,1,69.6,4,2,30,0,Declive
289,1,2,67.43,3,1,35,0,Declive
289,1,3,54.42,3,2,39,3,Declive
290,1,1,88.72,1,0,40,0,Declive
290,1,2,71.11,1,0,31,2,Declive
290,1,3,68.04,4,2,40,2,Declive
291,1,1,70.97,0,0,26,2,Mejora
291,1,2,75.3,2,0,37,1,Mejora
291,1,3,95.64,0,0,27,0,Mejora
292,1,1,58.29,4,2,38,2,Mejora
292,1,2,92.21,1,0,31,3,Mejora
292,1,3,92.32,2,0,37,2,Mejora
293,1,1,71.77,0,0,38,0,Estable
293,1,2,67.73,3,2,31,2,Estable
293,1,3,72.37,2,0,39,1,Estable
294,1,1,44.28,4,4,32,3,Mejora
294,1,2,78.98,1,0,32,0,Mejora
294,1,3,81.28,2,0,29,1,Mejora
295,1,1,53.39,5,3,25,2,Mejora
295,1,2,73.48,0,0,33,1,Mejora
295,1,3,86.26,0,0,26,3,Mejora
296,1,1,72.8,1,0,37,1,Mejora
296,1,2,83.65,2,0,32,0,Mejora
296,1,3,91.34,2,0,28,2,Mejora
297,1,1,76.45,1,0,31,1,Mejora
297,1,2,78.72,2,0,28,1,Mejora
297,1,3,96.48,0,0,31,2,Mejora
298,1,1,67.7,2,1,36,3,Estable
298,1,2,68.34,3,2,36,2,Estable
298,1,3,69.24,2,1,25,0,Estable
299,1,1,68.93,4,2,37,2,Mejora
299,1,2,74.1,1,1,34,0,Mejora
299,1,3,80.78,1,0,32,2,Mejora
300,1,1,66.29,2,2,38,2,Mejora
300,1,2,77.1,0,0,38,0,Mejora
300,1,3,94.62,1,0,30,2,Mejora
301,1,1,82.48,0,0,29,0,Mejora
301,1,2,88.39,2,0,37,1,Mejora
301,1,3,88.85,1,0,34,2,Mejora
302,1,1,72.77,0,0,29,2,Mejora
302,1,2,70.79,2,0,30,2,Mejora
302,1,3,77.89,1,0,34,1,Mejora
303,1,1,57.27,2,2,27,3,Mejora
303,1,2,78.63,2,0,31,2,Mejora
303,1,3,78.96,2,0,30,0,Mejora
304,1,1,65.14,2,2,38,3,Mejora
304,1,2,78.53,0,0,40,0,Mejora
304,1,3,93.04,0,0,32,1,Mejora
305,1,1,76.02,2,0,38,1,Mejora
305,1,2,76.77,1,0,38,1,Mejora
305,1,3,88.58,2,0,25,2,Mejora
306,1,1,74.18,2,1,37,1,Mejora
306,1,2,90.68,0,0,37,3,Mejora
306,1,3,94.43,1,0,33,0,Mejora
307,1,1,69.43,1,1,29,0,Mejora
307,1,2,79.73,2,0,30,2,Mejora
307,1,3,84.44,1,0,30,3,Mejora
308,1,1,76.86,1,0,33,2,Mejora
308,1,2,79.12,1,1,38,2,Mejora
308,1,3,86.99,1,0,33,2,Mejora
309,1,1,66.18,3,1,26,1,Mejora
309,1,2,71.72,2,0,29,0,Mejora
309,1,3,87.88,2,0,32,1,Mejora
310,1,1,73.19,1,0,40,0,Estable
310,1,2,73.62,2,1,29,0,Estable
310,1,3,77.17,2,0,36,0,Estable
311,1,1,99.06,2,0,30,3,Declive
311,1,2,82.81,2,0,27,1,Declive
311,1,3,79.38,0,0,40,0,Declive
312,1,1,82.0,0,0,39,3,Mejora
312,1,2,87.88,1,0,39,2,Mejora
312,1,3,96.12,0,0,25,2,Mejora
313,1,1,65.82,1,1,37,0,Mejora
313,1,2,69.89,3,1,37,2,Mejora
313,1,3,77.28,0,0,30,1,Mejora
314,1,1,64.62,3,2,38,2,Mejora
314,1,2,74.51,2,0,29,2,Mejora
314,1,3,80.39,1,0,28,2,Mejora
315,1,1,51.48,5,4,38,0,Mejora
315,1,2,67.89,2,1,26,2,Mejora
315,1,3,78.02,2,0,39,1,Mejora
316,1,1,82.02,1,0,38,2,Declive
316,1,2,77.49,1,1,26,0,Declive
316,1,3,37.81,5,4,26,0,Declive
317,1,1,83.07,2,0,39,1,Mejora
317,1,2,87.99,0,0,30,3,Mejora
317,1,3,92.18,2,0,26,0,Mejora
318,1,1,69.31,4,2,27,2,Mejora
318,1,2,77.0,1,0,28,3,Mejora
318,1,3,80.3,0,0,25,0,Mejora
319,1,1,59.84,6,4,37,2,Mejora
319,1,2,78.56,1,0,27,1,Mejora
319,1,3,82.73,2,0,29,0,Mejora
320,1,1,96.51,0,0,34,3,Declive
320,1,2,82.76,2,0,29,3,Declive
320,1,3,79.93,2,0,38,0,Declive
321,1,1,57.98,5,3,26,2,Mejora
321,1,2,64.09,1,1,25,0,Mejora
321,1,3,86.55,1,0,38,3,Mejora
322,1,1,64.58,2,2,35,0,Mejora
322,1,2,73.43,2,0,33,3,Mejora
322,1,3,89.91,0,0,40,0,Mejora
323,1,1,63.97,2,1,35,3,Mejora
323,1,2,67.23,3,2,29,2,Mejora
323,1,3,75.71,0,0,37,3,Mejora
324,1,1,62.44,3,1,38,3,Mejora
324,1,2,70.74,0,0,34,1,Mejora
324,1,3,74.28,2,0,31,0,Mejora
325,1,1,82.66,2,0,28,1,Mejora
325,1,2,89.52,0,0,28,1,Mejora
325,1,3,97.93,0,0,40,2,Mejora
326,1,1,84.35,0,0,28,0,Mejora
326,1,2,84.63,1,0,28,0,Mejora
326,1,3,95.9,1,0,28,1,Mejora
327,1,1,69.18,4,2,29,0,Mejora
327,1,2,69.28,4,2,31,3,Mejora
327,1,3,78.95,0,0,38,0,Mejora
328,1,1,85.72,1,0,36,1,Mejora
328,1,2,88.47,1,0,29,3,Mejora
328,1,3,99.42,2,0,32,1,Mejora
329,1,1,68.31,2,1,27,0,Mejora
329,1,2,74.32,1,1,35,2,Mejora
329,1,3,96.77,2,0,37,1,Mejora
330,1,1,63.01,3,2,35,2,Mejora
330,1,2,78.78,2,0,25,2,Mejora
330,1,3,81.78,1,0,29,3,Mejora
331,1,1,87.56,1,0,29,2,Estable
331,1,2,85.79,0,0,31,0,Estable
331,1,3,83.81,2,1,34,2,Estable
332,1,1,86.33,1,0,36,2,Declive
332,1,2,63.97,4,2,36,0,Declive
332,1,3,62.46,3,1,26,0,Declive
333,1,1,57.97,4,2,32,2,Mejora
333,1,2,83.55,2,0,34,2,Mejora
333,1,3,88.15,2,0,29,3,Mejora
334,1,1,67.37,3,2,38,0,Mejora
334,1,2,67.18,1,1,27,0,Mejora
334,1,3,92.58,2,0,38,1,Mejora
335,1,1,77.48,1,0,39,3,Mejora
335,1,2,79.75,2,0,38,1,Mejora
335,1,3,86.71,1,0,29,1,Mejora
336,1,1,59.94,3,3,28,3,Mejora
336,1,2,76.5,2,0,28,0,Mejora
336,1,3,88.05,1,0,36,2,Mejora
337,1,1,89.71,1,0,34,2,Declive
337,1,2,60.63,1,1,31,1,Declive
337,1,3,50.52,4,2,40,0,Declive
338,1,1,81.7,1,0,29,1,Mejora
338,1,2,89.31,1,0,39,3,Mejora
338,1,3,98.36,1,0,39,1,Mejora
339,1,1,57.16,4,3,30,0,Mejora
339,1,2,68.93,3,1,34,0,Mejora
339,1,3,96.92,1,0,27,1,Mejora
340,1,1,89.66,2,0,39,0,Declive
340,1,2,83.16,0,0,35,3,Declive
340,1,3,65.57,2,2,26,3,Declive
341,1,1,71.66,1,0,29,1,Mejora
341,1,2,82.23,1,1,33,0,Mejora
341,1,3,98.65,2,0,29,2,Mejora
342,1,1,65.59,2,1,28,0,Mejora
342,1,2,70.4,1,0,31,1,Mejora
342,1,3,82.16,2,1,32,3,Mejora
343,1,1,79.66,0,0,25,2,Mejora
343,1,2,81.34,1,0,28,1,Mejora
343,1,3,88.38,2,0,29,2,Mejora
344,1,1,62.23,1,1,39,2,Mejora
344,1,2,67.58,4,2,30,0,Mejora
344,1,3,99.06,1,0,26,3,Mejora
345,1,1,87.99,2,0,37,0,Declive
345,1,2,76.09,0,0,29,2,Declive
345,1,3,59.16,6,4,38,1,Declive
346,1,1,87.58,1,0,29,0,Declive
346,1,2,79.27,1,0,40,0,Declive
346,1,3,76.11,1,0,25,1,Declive
347,1,1,68.27,3,1,37,2,Mejora
347,1,2,76.2,3,1,37,1,Mejora
347,1,3,82.11,0,0,25,0,Mejora
348,1,1,77.55,2,0,32,1,Mejora
348,1,2,73.22,0,0,40,2,Mejora
348,1,3,86.98,2,0,26,2,Mejora
349,1,1,61.79,4,2,30,0,Mejora
349,1,2,72.32,0,0,29,0,Mejora
349,1,3,75.38,2,0,29,2,Mejora
350,1,1,74.26,2,0,38,0,Mejora
350,1,2,79.18,1,0,35,3,Mejora
350,1,3,84.8,1,0,38,2,Mejora
351,1,1,64.3,1,1,31,2,Estable
351,1,2,63.54,3,2,27,0,Estable
351,1,3,62.53,3,2,32,3,Estable
352,1,1,67.32,3,1,35,2,Mejora
352,1,2,71.36,0,0,32,0,Mejora
352,1,3,79.77,0,0,40,1,Mejora
353,1,1,66.08,3,1,37,2,Mejora
353,1,2,75.7,0,0,27,1,Mejora
353,1,3,83.28,1,1,26,3,Mejora
354,1,1,51.18,3,2,25,3,Mejora
354,1,2,64.98,3,2,37,3,Mejora
354,1,3,75.57,2,1,38,0,Mejora
355,1,1,88.75,0,0,27,1,Mejora
355,1,2,89.79,0,0,29,2,Mejora
355,1,3,97.17,0,0,36,3,Mejora
356,1,1,69.12,1,1,36,2,Mejora
356,1,2,86.34,0,0,29,1,Mejora
356,1,3,89.52,1,0,40,2,Mejora
357,1,1,36.24,2,2,31,1,Mejora
357,1,2,55.28,6,4,27,2,Mejora
357,1,3,73.59,1,0,31,3,Mejora
358,1,1,67.62,2,2,25,1,Mejora
358,1,2,75.49,1,1,32,3,Mejora
358,1,3,100.0,1,0,31,1,Mejora
359,1,1,57.65,3,2,29,2,Mejora
359,1,2,80.28,2,1,39,1,Mejora
359,1,3,87.58,0,0,36,0,Mejora
360,1,1,67.74,4,2,33,0,Mejora
360,1,2,77.15,2,0,25,1,Mejora
360,1,3,77.17,0,0,37,0,Mejora
361,1,1,65.5,4,2,27,0,Mejora
361,1,2,73.03,2,0,29,1,Mejora
361,1,3,78.09,2,0,31,1,Mejora
362,1,1,84.18,3,1,26,2,Estable
362,1,2,84.23,2,0,29,3,Estable
362,1,3,84.7,0,0,31,0,Estable
363,1,1,74.37,0,0,40,3,Mejora
363,1,2,84.26,1,0,33,3,Mejora
363,1,3,84.13,1,0,26,1,Mejora
364,1,1,65.14,3,2,27,2,Mejora
364,1,2,66.87,2,1,39,2,Mejora
364,1,3,73.66,0,0,32,0,Mejora
365,1,1,49.13,4,3,27,2,Mejora
365,1,2,57.12,4,3,27,2,Mejora
365,1,3,74.92,2,1,27,2,Mejora
366,1,1,71.67,1,0,33,1,Mejora
366,1,2,80.58,1,0,29,2,Mejora
366,1,3,85.39,1,0,25,2,Mejora
367,1,1,86.87,2,0,31,3,Declive
367,1,2,78.38,0,0,32,3,Declive
367,1,3,69.96,2,2,39,2,Declive
368,1,1,66.58,2,1,29,2,Mejora
368,1,2,80.04,2,0,25,3,Mejora
368,1,3,90.97,0,0,36,2,Mejora
369,1,1,69.92,1,1,37,3,Mejora
369,1,2,72.78,1,0,31,3,Mejora
369,1,3,93.48,2,0,27,3,Mejora
370,1,1,95.68,0,0,25,1,Declive
370,1,2,79.56,0,0,31,0,Declive
370,1,3,74.27,3,1,37,2,Declive
371,1,1,82.53,2,1,28,1,Mejora
371,1,2,83.17,1,0,38,3,Mejora
371,1,3,87.01,1,0,27,3,Mejora
372,1,1,66.3,2,2,39,2,Mejora
372,1,2,80.4,1,0,31,0,Mejora
372,1,3,79.82,2,0,29,3,Mejora
373,1,1,51.9,4,4,34,3,Mejora
373,1,2,65.25,2,1,30,3,Mejora
373,1,3,67.07,3,2,32,1,Mejora
374,1,1,57.79,4,4,30,2,Mejora
374,1,2,66.34,4,2,34,0,Mejora
374,1,3,77.33,0,0,31,3,Mejora
375,1,1,69.56,3,2,26,3,Mejora
375,1,2,86.86,0,0,25,0,Mejora
375,1,3,97.33,1,0,39,3,Mejora
376,1,1,56.35,3,3,39,3,Mejora
376,1,2,87.53,2,0,39,0,Mejora
376,1,3,94.01,0,0,27,1,Mejora
377,1,1,78.19,1,1,25,2,Declive
377,1,2,72.07,0,0,29,3,Declive
377,1,3,71.8,1,0,36,1,Declive
378,1,1,48.7,6,4,34,3,Mejora
378,1,2,58.45,6,4,26,0,Mejora
378,1,3,75.38,0,0,26,3,Mejora
379,1,1,68.66,2,1,27,1,Mejora
379,1,2,75.51,1,1,28,1,Mejora
379,1,3,79.5,0,0,30,0,Mejora
380,1,1,79.41,1,0,28,2,Mejora
380,1,2,90.34,1,0,35,1,Mejora
380,1,3,99.64,0,0,25,3,Mejora
381,1,1,73.17,1,0,31,3,Mejora
381,1,2,76.97,1,0,34,3,Mejora
381,1,3,91.08,0,0,28,1,Mejora
382,1,1,64.55,2,1,35,0,Mejora
382,1,2,74.91,2,0,39,3,Mejora
382,1,3,84.69,2,0,32,0,Mejora
383,1,1,73.15,1,1,31,0,Declive
383,1,2,58.84,4,3,32,3,Declive
383,1,3,51.41,3,3,35,1,Declive
384,1,1,41.28,3,3,26,1,Mejora
384,1,2,74.9,2,0,32,3,Mejora
384,1,3,78.55,0,0,35,1,Mejora
385,1,1,53.12,2,2,31,1,Mejora
385,1,2,69.93,1,1,27,3,Mejora
385,1,3,77.59,1,1,39,2,Mejora
386,1,1,88.37,2,0,40,0,Declive
386,1,2,74.46,2,0,36,3,Declive
386,1,3,60.65,2,1,37,1,Declive
387,1,1,59.15,4,3,30,2,Mejora
387,1,2,79.28,1,0,37,3,Mejora
387,1,3,80.3,0,0,34,3,Mejora
388,1,1,84.53,0,0,38,3,Declive
388,1,2,77.64,3,1,36,3,Declive
388,1,3,76.3,1,0,40,2,Declive
389,1,1,69.57,1,1,40,2,Mejora
389,1,2,84.56,1,0,26,3,Mejora
389,1,3,87.16,2,0,38,1,Mejora
390,1,1,91.5,2,0,30,0,Declive
390,1,2,74.99,2,0,28,0,Declive
390,1,3,67.84,2,1,37,3,Declive
391,1,1,92.25,1,0,27,0,Declive
391,1,2,68.87,4,2,36,1,Declive
391,1,3,65.21,4,2,33,1,Declive
392,1,1,82.86,3,1,30,2,Declive
392,1,2,77.16,1,0,30,1,Declive
392,1,3,68.59,4,2,31,3,Declive
393,1,1,69.45,1,1,28,1,Mejora
393,1,2,84.57,1,0,27,2,Mejora
393,1,3,96.85,1,0,27,3,Mejora
394,1,1,78.3,0,0,26,0,Mejora
394,1,2,82.42,2,1,31,0,Mejora
394,1,3,100.0,0,0,37,2,Mejora
395,1,1,79.0,1,0,26,2,Mejora
395,1,2,83.78,1,0,35,0,Mejora
395,1,3,85.69,2,0,25,3,Mejora
396,1,1,58.02,5,4,38,1,Mejora
396,1,2,63.54,2,1,25,2,Mejora
396,1,3,74.89,2,0,25,2,Mejora
397,1,1,65.73,2,1,28,3,Mejora
397,1,2,63.77,3,2,34,1,Mejora
397,1,3,85.6,2,0,29,0,Mejora
398,1,1,71.77,2,0,27,0,Mejora
398,1,2,83.29,0,0,38,0,Mejora
398,1,3,87.89,0,0,30,2,Mejora
399,1,1,69.83,3,1,35,1,Mejora
399,1,2,81.48,3,1,27,2,Mejora
399,1,3,84.66,1,0,37,3,Mejora
400,1,1,71.42,1,1,36,1,Mejora
400,1,2,74.16,2,0,35,3,Mejora
400,1,3,81.24,2,0,25,2,Mejora
401,1,1,71.32,0,0,39,2,Mejora
401,1,2,71.93,2,0,29,2,Mejora
401,1,3,78.0,0,0,32,3,Mejora
402,1,1,65.4,3,1,40,1,Mejora
402,1,2,81.58,2,0,40,2,Mejora
402,1,3,83.78,0,0,37,0,Mejora
403,1,1,88.23,2,0,30,0,Declive
403,1,2,82.45,1,1,37,2,Declive
403,1,3,74.52,2,0,38,3,Declive
404,1,1,78.87,2,0,26,2,Declive
404,1,2,74.31,1,0,39,1,Declive
404,1,3,62.49,1,1,29,3,Declive
405,1,1,73.77,2,0,28,1,Mejora
405,1,2,76.12,1,0,37,3,Mejora
405,1,3,85.45,2,0,30,0,Mejora
406,1,1,53.36,5,4,32,3,Mejora
406,1,2,78.07,2,0,40,2,Mejora
406,1,3,79.96,0,0,30,3,Mejora
407,1,1,65.17,1,1,32,0,Mejora
407,1,2,68.48,1,1,40,2,Mejora
407,1,3,78.81,3,1,28,1,Mejora
408,1,1,68.13,2,1,40,0,Mejora
408,1,2,71.15,0,0,28,1,Mejora
408,1,3,83.59,2,0,28,1,Mejora
409,1,1,76.38,1,1,33,0,Mejora
409,1,2,85.01,2,0,27,0,Mejora
409,1,3,91.01,0,0,34,2,Mejora
410,1,1,67.73,4,2,35,2,Mejora
410,1,2,80.17,0,0,31,0,Mejora
410,1,3,87.99,2,0,26,1,Mejora
411,1,1,87.17,1,0,33,3,Declive
411,1,2,84.85,2,0,30,3,Declive
411,1,3,74.39,0,0,39,0,Declive
412,1,1,93.78,2,0,30,3,Declive
412,1,2,74.92,0,0,29,2,Declive
412,1,3,67.94,4,2,38,3,Declive
413,1,1,75.4,1,0,35,2,Mejora
413,1,2,88.25,2,0,29,1,Mejora
413,1,3,89.61,0,0,33,0,Mejora
414,1,1,85.48,2,0,40,0,Mejora
414,1,2,85.53,1,0,36,2,Mejora
414,1,3,90.91,2,0,33,0,Mejora
415,1,1,71.91,2,0,37,3,Mejora
415,1,2,86.68,2,0,29,2,Mejora
415,1,3,95.68,2,0,25,1,Mejora
416,1,1,73.73,0,0,39,1,Mejora
416,1,2,87.18,2,0,39,2,Mejora
416,1,3,97.45,2,0,39,2,Mejora
417,1,1,54.27,4,3,27,1,Mejora
417,1,2,72.74,2,0,26,0,Mejora
417,1,3,74.68,3,1,34,3,Mejora
418,1,1,64.22,2,1,25,3,Mejora
418,1,2,67.62,3,1,36,1,Mejora
418,1,3,100.0,0,0,26,3,Mejora
419,1,1,65.92,2,1,28,2,Mejora
419,1,2,96.31,1,0,32,0,Mejora
419,1,3,95.95,1,0,34,2,Mejora
420,1,1,70.58,2,0,26,2,Mejora
420,1,2,76.34,0,0,25,3,Mejora
420,1,3,81.41,2,0,35,2,Mejora
421,1,1,79.77,2,1,40,0,Estable
421,1,2,79.93,2,0,29,2,Estable
421,1,3,82.42,0,0,32,3,Estable
422,1,1,92.61,1,0,25,2,Declive
422,1,2,66.51,2,2,31,0,Declive
422,1,3,63.13,2,1,31,2,Declive
423,1,1,72.81,1,0,40,1,Mejora
423,1,2,73.71,1,0,35,3,Mejora
423,1,3,95.65,0,0,37,1,Mejora
424,1,1,75.77,3,1,25,3,Mejora
424,1,2,81.52,2,0,40,2,Mejora
424,1,3,94.77,1,0,34,3,Mejora
425,1,1,91.98,0,0,31,3,Declive
425,1,2,67.65,4,2,28,1,Declive
425,1,3,64.84,3,1,31,1,Declive
426,1,1,72.72,2,0,34,1,Mejora
426,1,2,74.05,0,0,32,2,Mejora
426,1,3,87.21,1,0,38,3,Mejora
427,1,1,62.39,3,2,30,0,Mejora
427,1,2,81.04,0,0,25,0,Mejora
427,1,3,85.56,1,0,35,1,Mejora
428,1,1,78.92,1,0,25,1,Mejora
428,1,2,87.4,1,0,35,2,Mejora
428,1,3,91.08,0,0,36,2,Mejora
429,1,1,67.43,1,1,31,1,Mejora
429,1,2,81.41,2,0,39,0,Mejora
429,1,3,95.82,0,0,27,2,Mejora
430,1,1,95.18,0,0,36,3,Declive
430,1,2,77.05,2,0,28,3,Declive
430,1,3,64.46,4,2,27,3,Declive
431,1,1,92.26,2,0,40,0,Declive
431,1,2,84.06,3,1,30,3,Declive
431,1,3,67.84,3,1,37,3,Declive
432,1,1,65.71,3,1,33,2,Mejora
432,1,2,81.41,2,0,32,2,Mejora
432,1,3,89.95,1,0,33,0,Mejora
433,1,1,55.21,3,3,31,0,Mejora
433,1,2,62.1,2,2,25,2,Mejora
433,1,3,86.87,2,0,36,2,Mejora
434,1,1,63.61,3,1,25,0,Mejora
434,1,2,73.65,1,0,37,2,Mejora
434,1,3,84.99,1,0,31,3,Mejora
435,1,1,60.57,2,2,29,3,Mejora
435,1,2,75.71,2,0,27,3,Mejora
435,1,3,87.67,2,0,30,3,Mejora
436,1,1,51.65,3,3,27,1,Mejora
436,1,2,75.33,0,0,27,3,Mejora
436,1,3,79.64,2,0,32,3,Mejora
437,1,1,68.64,2,1,26,1,Declive
437,1,2,52.8,3,3,32,0,Declive
437,1,3,49.21,2,2,33,1,Declive
438,1,1,78.06,0,0,40,1,Declive
438,1,2,76.41,3,1,32,0,Declive
438,1,3,73.62,0,0,33,0,Declive
439,1,1,62.67,2,2,36,2,Mejora
439,1,2,72.3,1,1,32,3,Mejora
439,1,3,74.59,2,1,28,3,Mejora
440,1,1,73.07,0,0,29,1,Mejora
440,1,2,90.79,1,0,38,2,Mejora
440,1,3,100.0,0,0,30,3,Mejora
441,1,1,71.25,1,0,29,1,Mejora
441,1,2,76.97,2,0,35,1,Mejora
441,1,3,89.17,0,0,37,3,Mejora
442,1,1,82.82,2,1,40,3,Mejora
442,1,2,81.27,0,0,40,3,Mejora
442,1,3,93.46,1,0,35,1,Mejora
443,1,1,57.61,6,4,32,0,Mejora
443,1,2,78.75,1,0,32,2,Mejora
443,1,3,89.03,0,0,25,1,Mejora
444,1,1,87.01,1,0,38,1,Declive
444,1,2,71.62,0,0,31,1,Declive
444,1,3,67.9,3,2,26,1,Declive
445,1,1,76.97,1,0,40,1,Mejora
445,1,2,81.12,1,1,25,1,Mejora
445,1,3,98.49,2,0,36,1,Mejora
446,1,1,63.56,3,1,25,2,Mejora
446,1,2,69.03,3,2,28,1,Mejora
446,1,3,72.4,1,0,26,0,Mejora
447,1,1,86.33,1,0,34,1,Mejora
447,1,2,85.33,2,0,38,1,Mejora
447,1,3,92.31,2,0,33,0,Mejora
448,1,1,67.56,2,2,37,3,Mejora
448,1,2,69.95,3,1,30,0,Mejora
448,1,3,87.04,1,0,36,3,Mejora
449,1,1,79.69,2,1,31,0,Mejora
449,1,2,86.34,0,0,34,1,Mejora
449,1,3,90.5,2,0,31,0,Mejora
450,1,1,76.82,0,0,34,3,Estable
450,1,2,75.55,1,1,31,2,Estable
450,1,3,77.83,0,0,37,2,Estable
451,1,1,79.27,0,0,26,2,Mejora
451,1,2,94.06,2,0,30,1,Mejora
451,1,3,100.0,1,0,39,0,Mejora
452,1,1,56.23,4,2,35,3,Mejora
452,1,2,70.88,2,0,29,2,Mejora
452,1,3,85.72,2,0,34,2,Mejora
453,1,1,67.88,1,1,29,2,Mejora
453,1,2,82.21,1,0,27,3,Mejora
453,1,3,85.91,0,0,28,3,Mejora
454,1,1,65.53,1,1,33,3,Mejora
454,1,2,71.17,1,0,29,0,Mejora
454,1,3,94.84,1,0,40,0,Mejora
455,1,1,96.34,1,0,38,3,Declive
455,1,2,81.52,2,0,33,0,Declive
455,1,3,60.02,3,2,26,1,Declive
456,1,1,66.93,2,2,39,3,Mejora
456,1,2,68.94,2,1,39,0,Mejora
456,1,3,83.81,2,0,27,1,Mejora
457,1,1,95.42,1,0,33,3,Declive
457,1,2,81.17,1,0,26,1,Declive
457,1,3,78.07,2,0,40,1,Declive
458,1,1,71.16,1,0,33,1,Mejora
458,1,2,74.33,0,0,27,1,Mejora
458,1,3,75.44,2,0,27,2,Mejora
459,1,1,70.59,0,0,34,1,Mejora
459,1,2,73.55,0,0,31,2,Mejora
459,1,3,89.77,1,0,38,3,Mejora
460,1,1,44.79,6,4,29,2,Mejora
460,1,2,58.44,2,2,35,0,Mejora
460,1,3,95.3,2,0,29,3,Mejora
461,1,1,67.9,4,2,28,0,Mejora
461,1,2,74.01,1,0,31,1,Mejora
461,1,3,91.01,0,0,38,1,Mejora
462,1,1,63.81,2,1,28,3,Estable
462,1,2,63.17,2,2,39,3,Estable
462,1,3,66.81,3,2,38,2,Estable
463,1,1,60.76,2,2,38,2,Mejora
463,1,2,70.46,0,0,28,0,Mejora
463,1,3,83.28,1,0,28,0,Mejora
464,1,1,77.24,2,0,38,1,Mejora
464,1,2,75.23,2,0,32,3,Mejora
464,1,3,89.18,0,0,37,0,Mejora
465,1,1,68.87,2,2,33,2,Mejora
465,1,2,77.89,0,0,38,1,Mejora
465,1,3,84.42,1,0,25,3,Mejora
466,1,1,65.64,2,2,37,1,Mejora
466,1,2,80.43,1,0,37,0,Mejora
466,1,3,90.49,0,0,38,1,Mejora
467,1,1,80.26,1,1,37,2,Mejora
467,1,2,96.96,2,0,30,2,Mejora
467,1,3,98.52,0,0,31,0,Mejora
468,1,1,70.88,2,0,29,3,Mejora
468,1,2,85.37,1,0,36,1,Mejora
468,1,3,90.37,0,0,32,1,Mejora
469,1,1,58.46,2,2,28,3,Mejora
469,1,2,81.93,2,0,28,0,Mejora
469,1,3,87.07,2,0,29,2,Mejora
470,1,1,82.21,0,0,27,1,Estable
470,1,2,82.36,0,0,38,3,Estable
470,1,3,81.74,1,0,35,3,Estable
471,1,1,70.72,0,0,25,1,Mejora
471,1,2,84.09,1,0,33,0,Mejora
471,1,3,94.08,1,0,31,0,Mejora
472,1,1,66.07,1,1,40,1,Declive
472,1,2,64.33,3,1,27,2,Declive
472,1,3,57.21,4,4,34,3,Declive
473,1,1,68.75,3,1,28,2,Mejora
473,1,2,77.39,2,0,30,1,Mejora
473,1,3,90.26,1,0,40,3,Mejora
474,1,1,67.07,3,2,39,1,Mejora
474,1,2,68.25,3,1,26,2,Mejora
474,1,3,83.11,2,0,38,2,Mejora
475,1,1,82.17,0,0,36,1,Mejora
475,1,2,82.25,0,0,35,0,Mejora
475,1,3,86.81,0,0,25,2,Mejora
476,1,1,58.72,4,4,33,0,Mejora
476,1,2,72.91,2,0,38,3,Mejora
476,1,3,100.0,0,0,35,2,Mejora
477,1,1,75.1,1,1,32,0,Mejora
477,1,2,85.21,2,0,34,0,Mejora
477,1,3,94.54,1,0,25,3,Mejora
478,1,1,87.95,0,0,36,3,Estable
478,1,2,87.41,1,0,27,2,Estable
478,1,3,84.84,1,0,40,0,Estable
479,1,1,90.4,0,0,38,1,Declive
479,1,2,81.68,1,1,30,0,Declive
479,1,3,80.83,2,1,31,2,Declive
480,1,1,61.95,2,2,37,2,Mejora
480,1,2,74.32,2,0,30,1,Mejora
480,1,3,100.0,2,0,39,0,Mejora
481,1,1,76.29,2,0,40,1,Mejora
481,1,2,78.21,1,0,27,2,Mejora
481,1,3,85.54,1,0,34,0,Mejora
482,1,1,86.11,0,0,28,2,Declive
482,1,2,85.08,2,0,31,2,Declive
482,1,3,81.79,1,0,34,3,Declive
483,1,1,62.24,4,2,34,0,Mejora
483,1,2,81.87,1,0,29,3,Mejora
483,1,3,84.78,1,0,28,0,Mejora
484,1,1,71.72,0,0,38,2,Mejora
484,1,2,72.93,0,0,26,3,Mejora
484,1,3,81.18,0,0,33,2,Mejora
485,1,1,83.48,1,0,38,0,Mejora
485,1,2,99.68,2,0,26,1,Mejora
485,1,3,100.0,2,0,28,1,Mejora
486,1,1,72.53,2,0,33,3,Declive
486,1,2,62.35,3,2,31,1,Declive
486,1,3,62.11,2,2,31,2,Declive
487,1,1,55.27,6,4,35,0,Mejora
487,1,2,59.95,5,3,30,1,Mejora
487,1,3,84.1,2,0,35,3,Mejora
488,1,1,69.38,2,1,25,2,Mejora
488,1,2,75.67,0,0,40,0,Mejora
488,1,3,85.45,2,0,40,1,Mejora
489,1,1,86.67,0,0,40,2,Declive
489,1,2,81.59,0,0,33,3,Declive
489,1,3,75.74,2,0,33,2,Declive
490,1,1,41.9,5,4,38,1,Mejora
490,1,2,75.53,3,1,29,2,Mejora
490,1,3,84.55,2,0,40,0,Mejora
491,1,1,76.0,2,0,36,2,Declive
491,1,2,74.27,2,1,37,3,Declive
491,1,3,65.3,4,2,33,2,Declive
492,1,1,82.19,2,0,25,3,Mejora
492,1,2,83.19,1,0,29,3,Mejora
492,1,3,96.62,1,0,29,2,Mejora
493,1,1,67.44,2,2,40,2,Mejora
493,1,2,79.72,0,0,25,3,Mejora
493,1,3,82.62,2,0,36,0,Mejora
494,1,1,61.13,1,1,27,2,Mejora
494,1,2,71.96,0,0,32,0,Mejora
494,1,3,84.19,0,0,40,2,Mejora
495,1,1,51.71,5,4,29,1,Mejora
495,1,2,75.07,1,0,33,1,Mejora
495,1,3,73.89,1,0,38,1,Mejora
496,1,1,63.56,2,2,36,3,Mejora
496,1,2,75.42,2,1,36,3,Mejora
496,1,3,78.42,2,0,39,3,Mejora
497,1,1,68.89,3,1,29,2,Mejora
497,1,2,74.73,0,0,26,3,Mejora
497,1,3,93.04,2,0,29,3,Mejora
498,1,1,59.77,4,4,35,0,Mejora
498,1,2,69.94,4,2,28,0,Mejora
498,1,3,79.63,2,1,31,1,Mejora
499,1,1,91.95,2,0,28,0,Declive
499,1,2,72.73,0,0,25,1,Declive
499,1,3,70.02,2,0,28,0,Declive
500,1,1,77.41,2,1,39,0,Declive
500,1,2,74.28,0,0,38,1,Declive
500,1,3,65.76,3,1,25,1,Declive
501,1,1,66.26,3,2,33,3,Mejora
501,1,2,81.46,2,0,37,0,Mejora
501,1,3,78.13,3,1,39,3,Mejora
502,1,1,75.03,2,0,39,0,Mejora
502,1,2,81.18,2,0,36,1,Mejora
502,1,3,93.84,2,0,39,3,Mejora
503,1,1,78.16,0,0,35,3,Mejora
503,1,2,80.36,1,0,29,2,Mejora
503,1,3,86.31,2,0,34,3,Mejora
